,Compound,Date,Negative,Neutral,NewsOrg,Positive,Text,Tweets Ago
0,0.4019,Tue Apr 10 18:46:07 +0000 2018,0.0,0.876,@CNN,0.124,RT @CNNPolitics: White House press secretary Sarah Sanders says President Trump thinks special counsel Robert Mueller’s probe “has gone too…,1
1,0.0772,Tue Apr 10 18:40:58 +0000 2018,0.0,0.92,@CNN,0.08,"Facebook CEO Mark Zuckerberg is testifying before Congress: https://t.co/GM8O5wobAa

Have questions? We want to hea… https://t.co/yakAlqbwhF",2
2,0.0,Tue Apr 10 18:35:01 +0000 2018,0.0,1.0,@CNN,0.0,"Facebook CEO Mark Zuckerberg has arrived to testify before Congress
Watch on CNN: https://t.co/UYpqI3w42L… https://t.co/BIK7YfQqVV",3
3,0.6249,Tue Apr 10 18:31:02 +0000 2018,0.0,0.814,@CNN,0.186,"Snowfall across the great white continent of Antarctica is increasing, according to a study released this week by a… https://t.co/LQh9rCABoI",4
4,0.6204,Tue Apr 10 18:18:00 +0000 2018,0.0,0.612,@CNN,0.388,Apple is now completely powered by clean energy https://t.co/YEndWOan9Z https://t.co/TmEh8lSGxB,5
5,0.2023,Tue Apr 10 18:10:09 +0000 2018,0.099,0.756,@CNN,0.145,They've marched 7 days across Oklahoma. Now Tulsa teachers are ready to confront lawmakers. https://t.co/68apefSHmJ https://t.co/KR687QGFIT,6
6,0.5574,Tue Apr 10 18:00:14 +0000 2018,0.0,0.841,@CNN,0.159,"""I will do everything I can to make Facebook... a positive force in the world"": Here's the message Facebook CEO Mar… https://t.co/FymihRn1cE",7
7,0.1779,Tue Apr 10 18:00:05 +0000 2018,0.0,0.855,@CNN,0.145,This is Mark Zuckerberg's growing up moment | via @LaurieSegallCNN https://t.co/pPPC8TB63j https://t.co/Js7oLn3o8i,8
8,0.0,Tue Apr 10 17:52:59 +0000 2018,0.0,1.0,@CNN,0.0,".@LaurieSegallCNN is in the room where Facebook CEO Mark Zuckerberg is due to face questions. On the desk, there's… https://t.co/PHxCDdQmcv",9
9,-0.5574,Tue Apr 10 17:50:04 +0000 2018,0.217,0.783,@CNN,0.0,Louisiana is close to lifting its ban on bulletproof backpacks in schools https://t.co/qbW10lyCjA https://t.co/WefWWm3Ii8,10
10,0.0,Tue Apr 10 17:48:52 +0000 2018,0.0,1.0,@CNN,0.0,"Facebook CEO Mark Zuckerberg will soon begin testifying before Congress: https://t.co/0OlGWpNRMF

Have questions? W… https://t.co/MvYGjZo6di",11
11,0.0,Tue Apr 10 17:44:46 +0000 2018,0.0,1.0,@CNN,0.0,The FBI raid on Trump's personal attorney sought records on the deal set up between an ex-Playboy Playmate who has… https://t.co/y3A5nG2BB8,12
12,0.0,Tue Apr 10 17:40:10 +0000 2018,0.0,1.0,@CNN,0.0,"An EPA official is expected to meet this week with congressional investigators to discuss his concerns, which inclu… https://t.co/X0DllTm9Ur",13
13,0.4767,Tue Apr 10 17:30:09 +0000 2018,0.0,0.86,@CNN,0.14,Facebook's press page was once filled with announcements about new features to order food and connect to friends in… https://t.co/GkGoBR92vS,14
14,-0.1027,Tue Apr 10 17:20:11 +0000 2018,0.08,0.92,@CNN,0.0,The gender pay gap isn't just about what you make. It's about what you do. https://t.co/PXIJRooiwF https://t.co/kkGGUKto6m,15
15,0.2263,Tue Apr 10 17:19:03 +0000 2018,0.052,0.861,@CNN,0.086,"RT @CNNMoney: Almost 10 years after President Obama signed the Lilly Ledbetter Fair Pay Act of 2009, women still make less than men. We spo…",16
16,0.0,Tue Apr 10 17:10:12 +0000 2018,0.0,1.0,@CNN,0.0,Facebook CEO Mark Zuckerberg will soon testify before Congress. Here's everything you need to know before you watch… https://t.co/JEe0X8ZxLs,17
17,0.0,Tue Apr 10 17:03:05 +0000 2018,0.0,1.0,@CNN,0.0,Tom Bossert's exit means half of Donald Trump's 'A Team' has left since he became President | Analysis by… https://t.co/o7cO9UxrAd,18
18,0.0,Tue Apr 10 16:54:46 +0000 2018,0.0,1.0,@CNN,0.0,A judge has finalized a $25 million settlement for students who claim they were defrauded by Trump University… https://t.co/VLYCc6LmHP,19
19,0.8225,Tue Apr 10 16:42:55 +0000 2018,0.0,0.65,@CNN,0.35,"Facebook knows you better than you think:

• With 10 likes, a computer model fundamentally knows you better than a… https://t.co/43EaVEBa3y",20
20,-0.296,Tue Apr 10 16:30:09 +0000 2018,0.145,0.855,@CNN,0.0,How Trump can pile pressure on Putin and Assad | @NicRobertsonCNN for @CNNopinion https://t.co/TlSbLQGAmC https://t.co/J7YfAKhsig,21
21,0.34,Tue Apr 10 16:20:11 +0000 2018,0.0,0.893,@CNN,0.107,Two Democratic senators say they have evidence that shows the EPA may be overstating the need for 24-7 security and… https://t.co/FvJRaFFayw,22
22,0.34,Tue Apr 10 16:10:31 +0000 2018,0.0,0.897,@CNN,0.103,"RT @CNNPolitics: Update: Tom Bossert was pushed out of his position by the newly installed national security adviser John Bolton, two sourc…",23
23,-0.1531,Tue Apr 10 16:10:07 +0000 2018,0.176,0.682,@CNN,0.142,The FBI just proved President Trump wrong on attorney-client privilege | Analysis by @CillizzaCNN… https://t.co/4PCnG0ZE2a,24
24,0.0258,Tue Apr 10 16:00:21 +0000 2018,0.0,0.95,@CNN,0.05,"For at least a year, the biggest page on Facebook purporting to be part of the Black Lives Matter movement was a sc… https://t.co/J6yXOL4Rxw",25
25,0.4019,Tue Apr 10 18:46:07 +0000 2018,0.0,0.876,@CNN,0.124,RT @CNNPolitics: White House press secretary Sarah Sanders says President Trump thinks special counsel Robert Mueller’s probe “has gone too…,26
26,0.0772,Tue Apr 10 18:40:58 +0000 2018,0.0,0.92,@CNN,0.08,"Facebook CEO Mark Zuckerberg is testifying before Congress: https://t.co/GM8O5wobAa

Have questions? We want to hea… https://t.co/yakAlqbwhF",27
27,0.0,Tue Apr 10 18:35:01 +0000 2018,0.0,1.0,@CNN,0.0,"Facebook CEO Mark Zuckerberg has arrived to testify before Congress
Watch on CNN: https://t.co/UYpqI3w42L… https://t.co/BIK7YfQqVV",28
28,0.6249,Tue Apr 10 18:31:02 +0000 2018,0.0,0.814,@CNN,0.186,"Snowfall across the great white continent of Antarctica is increasing, according to a study released this week by a… https://t.co/LQh9rCABoI",29
29,0.6204,Tue Apr 10 18:18:00 +0000 2018,0.0,0.612,@CNN,0.388,Apple is now completely powered by clean energy https://t.co/YEndWOan9Z https://t.co/TmEh8lSGxB,30
30,0.2023,Tue Apr 10 18:10:09 +0000 2018,0.099,0.756,@CNN,0.145,They've marched 7 days across Oklahoma. Now Tulsa teachers are ready to confront lawmakers. https://t.co/68apefSHmJ https://t.co/KR687QGFIT,31
31,0.5574,Tue Apr 10 18:00:14 +0000 2018,0.0,0.841,@CNN,0.159,"""I will do everything I can to make Facebook... a positive force in the world"": Here's the message Facebook CEO Mar… https://t.co/FymihRn1cE",32
32,0.1779,Tue Apr 10 18:00:05 +0000 2018,0.0,0.855,@CNN,0.145,This is Mark Zuckerberg's growing up moment | via @LaurieSegallCNN https://t.co/pPPC8TB63j https://t.co/Js7oLn3o8i,33
33,0.0,Tue Apr 10 17:52:59 +0000 2018,0.0,1.0,@CNN,0.0,".@LaurieSegallCNN is in the room where Facebook CEO Mark Zuckerberg is due to face questions. On the desk, there's… https://t.co/PHxCDdQmcv",34
34,-0.5574,Tue Apr 10 17:50:04 +0000 2018,0.217,0.783,@CNN,0.0,Louisiana is close to lifting its ban on bulletproof backpacks in schools https://t.co/qbW10lyCjA https://t.co/WefWWm3Ii8,35
35,0.0,Tue Apr 10 17:48:52 +0000 2018,0.0,1.0,@CNN,0.0,"Facebook CEO Mark Zuckerberg will soon begin testifying before Congress: https://t.co/0OlGWpNRMF

Have questions? W… https://t.co/MvYGjZo6di",36
36,0.0,Tue Apr 10 17:44:46 +0000 2018,0.0,1.0,@CNN,0.0,The FBI raid on Trump's personal attorney sought records on the deal set up between an ex-Playboy Playmate who has… https://t.co/y3A5nG2BB8,37
37,0.0,Tue Apr 10 17:40:10 +0000 2018,0.0,1.0,@CNN,0.0,"An EPA official is expected to meet this week with congressional investigators to discuss his concerns, which inclu… https://t.co/X0DllTm9Ur",38
38,0.4767,Tue Apr 10 17:30:09 +0000 2018,0.0,0.86,@CNN,0.14,Facebook's press page was once filled with announcements about new features to order food and connect to friends in… https://t.co/GkGoBR92vS,39
39,-0.1027,Tue Apr 10 17:20:11 +0000 2018,0.08,0.92,@CNN,0.0,The gender pay gap isn't just about what you make. It's about what you do. https://t.co/PXIJRooiwF https://t.co/kkGGUKto6m,40
40,0.2263,Tue Apr 10 17:19:03 +0000 2018,0.052,0.861,@CNN,0.086,"RT @CNNMoney: Almost 10 years after President Obama signed the Lilly Ledbetter Fair Pay Act of 2009, women still make less than men. We spo…",41
41,0.0,Tue Apr 10 17:10:12 +0000 2018,0.0,1.0,@CNN,0.0,Facebook CEO Mark Zuckerberg will soon testify before Congress. Here's everything you need to know before you watch… https://t.co/JEe0X8ZxLs,42
42,0.0,Tue Apr 10 17:03:05 +0000 2018,0.0,1.0,@CNN,0.0,Tom Bossert's exit means half of Donald Trump's 'A Team' has left since he became President | Analysis by… https://t.co/o7cO9UxrAd,43
43,0.0,Tue Apr 10 16:54:46 +0000 2018,0.0,1.0,@CNN,0.0,A judge has finalized a $25 million settlement for students who claim they were defrauded by Trump University… https://t.co/VLYCc6LmHP,44
44,0.8225,Tue Apr 10 16:42:55 +0000 2018,0.0,0.65,@CNN,0.35,"Facebook knows you better than you think:

• With 10 likes, a computer model fundamentally knows you better than a… https://t.co/43EaVEBa3y",45
45,-0.296,Tue Apr 10 16:30:09 +0000 2018,0.145,0.855,@CNN,0.0,How Trump can pile pressure on Putin and Assad | @NicRobertsonCNN for @CNNopinion https://t.co/TlSbLQGAmC https://t.co/J7YfAKhsig,46
46,0.34,Tue Apr 10 16:20:11 +0000 2018,0.0,0.893,@CNN,0.107,Two Democratic senators say they have evidence that shows the EPA may be overstating the need for 24-7 security and… https://t.co/FvJRaFFayw,47
47,0.34,Tue Apr 10 16:10:31 +0000 2018,0.0,0.897,@CNN,0.103,"RT @CNNPolitics: Update: Tom Bossert was pushed out of his position by the newly installed national security adviser John Bolton, two sourc…",48
48,-0.1531,Tue Apr 10 16:10:07 +0000 2018,0.176,0.682,@CNN,0.142,The FBI just proved President Trump wrong on attorney-client privilege | Analysis by @CillizzaCNN… https://t.co/4PCnG0ZE2a,49
49,0.0258,Tue Apr 10 16:00:21 +0000 2018,0.0,0.95,@CNN,0.05,"For at least a year, the biggest page on Facebook purporting to be part of the Black Lives Matter movement was a sc… https://t.co/J6yXOL4Rxw",50
50,-0.8225,Tue Apr 10 15:50:10 +0000 2018,0.297,0.703,@CNN,0.0,"As Trump assesses how to respond to the alleged chemical attack in Syria that killed dozens of civilians, lawmakers… https://t.co/HQqThDjWK3",51
51,0.0,Tue Apr 10 15:40:10 +0000 2018,0.0,1.0,@CNN,0.0,Facebook CEO Mark Zuckerberg will testify before Congress on Tuesday and Wednesday. Here's everything you need to k… https://t.co/xopMwq9fTn,52
52,-0.4215,Tue Apr 10 15:30:07 +0000 2018,0.189,0.702,@CNN,0.11,"President Trump declares that ""attorney-client privilege is dead"" a day after the FBI raided the office of Michael… https://t.co/fXKgFngNfS",53
53,-0.5574,Tue Apr 10 15:20:00 +0000 2018,0.141,0.859,@CNN,0.0,"More than 4,000 black men, women, and children died at the hands of white mobs between 1877 and 1950. Can you name… https://t.co/oHaWCcvQaF",54
54,-0.3947,Tue Apr 10 15:10:08 +0000 2018,0.123,0.877,@CNN,0.0,President Trump has never been more likely to fire Robert Mueller than he is right now | Analysis by @CillizzaCNN… https://t.co/MGKwcRLUqz,55
55,-0.7184,Tue Apr 10 15:00:06 +0000 2018,0.318,0.682,@CNN,0.0,"There was no working smoke alarm in the Trump Tower apartment where deadly fire started, source says… https://t.co/HF1bX2vzdq",56
56,0.0,Tue Apr 10 14:53:07 +0000 2018,0.0,1.0,@CNN,0.0,These two women left their own wedding receptions early to take final exams https://t.co/JrFgj2Mk76 https://t.co/4ryWNkAslV,57
57,0.128,Tue Apr 10 14:41:17 +0000 2018,0.117,0.736,@CNN,0.147,"BREAKING: Homeland security adviser Tom Bossert is resigning, the White House confirms https://t.co/grLxIQLsTy https://t.co/9clbDUxYzP",58
58,0.0,Tue Apr 10 14:33:41 +0000 2018,0.0,1.0,@CNN,0.0,"Longtime Trump associate Roger Stone said in July 2016 that Russians were ""most likely"" behind WikiLeaks emails and… https://t.co/Inc7WVXIDa",59
59,-0.34,Tue Apr 10 14:20:04 +0000 2018,0.13,0.87,@CNN,0.0,This 20-year-old wants to interview every WWII combat veteran he can before it's too late https://t.co/3zt0h2ijMs https://t.co/2u17akhqEq,60
60,0.0,Tue Apr 10 14:10:05 +0000 2018,0.0,1.0,@CNN,0.0,"President Trump and former President Obama will not attend the wedding of Prince Harry and Meghan Markle, White Hou… https://t.co/oM3usyN6qH",61
61,-0.25,Tue Apr 10 14:00:07 +0000 2018,0.143,0.857,@CNN,0.0,"More than 1,100 flights have been canceled in Germany after airport workers went on strike to demand higher pay… https://t.co/J1UmMoB6Ci",62
62,0.1027,Tue Apr 10 13:50:07 +0000 2018,0.0,0.928,@CNN,0.072,"While preparing for his new role, Secretary of State-designate Mike Pompeo reached out to every living former secre… https://t.co/uFSdknC2hf",63
63,0.0,Tue Apr 10 13:33:02 +0000 2018,0.0,1.0,@CNN,0.0,"Facebook CEO Mark Zuckerberg will begin testifying before Congress today: https://t.co/MPwDOQjjw3

Have questions?… https://t.co/XRV4ySq4Jb",64
64,0.0258,Tue Apr 10 13:30:11 +0000 2018,0.0,0.95,@CNN,0.05,"For at least a year, the biggest page on Facebook purporting to be part of the Black Lives Matter movement was a sc… https://t.co/Qs6lfxRI8l",65
65,0.0,Tue Apr 10 13:20:09 +0000 2018,0.0,1.0,@CNN,0.0,"President Trump is canceling a planned trip to South America that was set to begin Friday, to monitor the American… https://t.co/C2Aox4VZwC",66
66,0.8225,Tue Apr 10 13:20:04 +0000 2018,0.0,0.65,@CNN,0.35,"Facebook knows you better than you think:

• With 10 likes, a computer model fundamentally knows you better than a… https://t.co/OwoPbOQx9R",67
67,0.4404,Tue Apr 10 13:10:05 +0000 2018,0.0,0.791,@CNN,0.209,Why tax season is good (and bad) for Americans' health https://t.co/C89Uq26PKt https://t.co/Y2OivuCqWE,68
68,-0.4019,Tue Apr 10 13:00:09 +0000 2018,0.184,0.816,@CNN,0.0,One meeting with Zuckerberg won't fix the Facebook problem | via @CNNopinion https://t.co/drgHKdbzbw https://t.co/OfweTMxHD7,69
69,0.4767,Tue Apr 10 12:50:06 +0000 2018,0.0,0.785,@CNN,0.215,"Raiding Trump lawyer Michael Cohen is a stunning move by federal prosecutors, CNN legal analyst @paulcallan writes… https://t.co/DF5pAp7AxD",70
70,0.4019,Tue Apr 10 12:44:49 +0000 2018,0.0,0.863,@CNN,0.137,Search warrant documents used by special counsel Robert Mueller's investigators reveal how agents zeroed in on pote… https://t.co/75A7kowjf8,71
71,0.0,Tue Apr 10 12:40:12 +0000 2018,0.0,1.0,@CNN,0.0,The controversy over Sinclair Broadcast Group's media-bashing promos has quieted down. But the headache isn't going… https://t.co/6g1l3JwBUg,72
72,0.0,Tue Apr 10 12:30:14 +0000 2018,0.0,1.0,@CNN,0.0,"How Facebook 'likes' predict race, religion and sexual orientation https://t.co/9HClLEKaIq https://t.co/woyzvhhny2",73
73,0.4767,Tue Apr 10 12:26:08 +0000 2018,0.0,0.86,@CNN,0.14,Facebook's press page was once filled with announcements about new features to order food and connect to friends in… https://t.co/xJkD47KS5B,74
74,-0.8225,Tue Apr 10 12:20:07 +0000 2018,0.297,0.703,@CNN,0.0,"As Trump assesses how to respond to the alleged chemical attack in Syria that killed dozens of civilians, lawmakers… https://t.co/Q1FTvT4Ztt",75
75,0.0,Tue Apr 10 12:10:05 +0000 2018,0.0,1.0,@CNN,0.0,"Craigslist shut down their personals after an anti-sex trafficking bill passed through Congress, which could have a… https://t.co/8RmIY1EFNj",76
76,0.4767,Tue Apr 10 12:01:37 +0000 2018,0.0,0.866,@CNN,0.134,RT @CNNPolitics: GOP Rep. Adam Kinzinger says he doesn't think President Trump needs congressional approval to take military action in Syri…,77
77,0.4215,Tue Apr 10 12:00:00 +0000 2018,0.0,0.865,@CNN,0.135,GOP Rep. Adam Kinzinger on President Trump's tweets about the Mueller investigation: “I don’t think it’s helpful at… https://t.co/ZQfWc6icvK,78
78,-0.4215,Tue Apr 10 11:55:04 +0000 2018,0.189,0.702,@CNN,0.11,"President Trump declares that ""attorney-client privilege is dead"" a day after the FBI raided the office of Michael… https://t.co/D9qOfMfDzP",79
79,-0.5574,Tue Apr 10 11:50:00 +0000 2018,0.141,0.859,@CNN,0.0,"More than 4,000 black men, women, and children died at the hands of white mobs between 1877 and 1950. Can you name… https://t.co/X8Z3yC49gz",80
80,-0.34,Tue Apr 10 11:40:07 +0000 2018,0.112,0.888,@CNN,0.0,"A small plane caught fire after takeoff and crashed at a nearby Arizona golf course on Monday, leaving six people d… https://t.co/G3MUCsAtkV",81
81,-0.3947,Tue Apr 10 11:35:03 +0000 2018,0.123,0.877,@CNN,0.0,President Trump has never been more likely to fire Robert Mueller than he is right now | Analysis by @CillizzaCNN… https://t.co/bP9yxcxrf4,82
82,0.0,Tue Apr 10 11:30:03 +0000 2018,0.0,1.0,@CNN,0.0,Trump lashes out as Cohen raid fuses Russia probe and Stormy case | Analysis by @StCollinson https://t.co/qYNcRI3xIe https://t.co/0HRIdW6Yk8,83
83,-0.1531,Tue Apr 10 11:29:06 +0000 2018,0.071,0.929,@CNN,0.0,"Are you one of the 87 million Facebook users affected by the Cambridge Analytica data breach?

CNN wants to hear fr… https://t.co/RGpFDRxmeu",84
84,0.0,Tue Apr 10 11:20:09 +0000 2018,0.0,1.0,@CNN,0.0,Facebook CEO Mark Zuckerberg will testify before Congress on Tuesday and Wednesday. Here's everything you need to k… https://t.co/ROG8GkpaWD,85
85,-0.5859,Tue Apr 10 11:10:06 +0000 2018,0.213,0.787,@CNN,0.0,"5 things for Tuesday:

- Michael Cohen raid
- Syria
- Bill Cosby trial
- Russian spy poisoning
- Facebook… https://t.co/GgwMvSjhFW",86
86,0.0,Tue Apr 10 11:00:20 +0000 2018,0.0,1.0,@CNN,0.0,"Geisha Williams, CEO and President of @PGE4Me, California's largest utility, says the state is leading the way on p… https://t.co/rsgaukkISI",87
87,-0.7096,Tue Apr 10 10:50:55 +0000 2018,0.214,0.786,@CNN,0.0,"Just before Bill Cosby walked into court for his retrial Monday, a topless protester with ""Cosby rapist"" and women'… https://t.co/D5OpCNYFDt",88
88,0.0,Tue Apr 10 10:40:08 +0000 2018,0.0,1.0,@CNN,0.0,"Longtime Trump associate Roger Stone said in July 2016 that Russians were ""most likely"" behind WikiLeaks emails and… https://t.co/GcBe2G3EaP",89
89,-0.34,Tue Apr 10 10:30:15 +0000 2018,0.13,0.87,@CNN,0.0,This 20-year-old wants to interview every WWII combat veteran he can before it's too late https://t.co/M0lLXVBzEF https://t.co/vDxjZP1AJF,90
90,0.128,Tue Apr 10 10:24:00 +0000 2018,0.0,0.939,@CNN,0.061,"RT @NewDay: Legal analyst @JeffreyToobin on the FBI raid: ""We are in a whole new area of the investigation now, so close to the President""…",91
91,-0.5574,Tue Apr 10 10:20:06 +0000 2018,0.231,0.769,@CNN,0.0,FBI raid of his personal attorney's office ignites President Trump's rage: https://t.co/tnEQRJeCIi https://t.co/sUvX72jFJl,92
92,0.0,Tue Apr 10 10:07:13 +0000 2018,0.0,1.0,@CNN,0.0,We still don't know what exactly they'll do or if they'll interact with migrants https://t.co/DGJje4kxhM,93
93,-0.473,Tue Apr 10 09:56:10 +0000 2018,0.19,0.659,@CNN,0.151,"Attention senior citizens: A new Medicare card is coming your way, but be careful not to fall victim to any scams. https://t.co/bB4ODqy0U5",94
94,-0.7184,Tue Apr 10 09:45:26 +0000 2018,0.318,0.682,@CNN,0.0,"There was no working smoke alarm in the Trump Tower apartment where deadly fire started, source says… https://t.co/JoRJJDjTnk",95
95,0.0,Tue Apr 10 09:37:30 +0000 2018,0.0,1.0,@CNN,0.0,Mark Zuckerberg will spend two days answering lawmakers' questions. https://t.co/3wGGR44xsy,96
96,0.0,Tue Apr 10 09:26:54 +0000 2018,0.0,1.0,@CNN,0.0,How does your child's lunch stack up? https://t.co/n3rdLrdD6S,97
97,0.0,Tue Apr 10 09:16:43 +0000 2018,0.0,1.0,@CNN,0.0,These two women left their own wedding receptions early to take final exams https://t.co/EdVJifH591 https://t.co/f1gFbs1GdO,98
98,-0.3612,Tue Apr 10 09:06:24 +0000 2018,0.135,0.865,@CNN,0.0,"Since Essure went on the market, thousands of women have filed grievances about unintended pregnancies, miscarriage… https://t.co/UbnqStBmSx",99
99,0.0,Tue Apr 10 08:55:34 +0000 2018,0.0,1.0,@CNN,0.0,Wash your fruit and veggies! Strawberries and spinach rank the highest for pesticide contamination… https://t.co/huOH9NqT5I,100
100,-0.4927,Tue Apr 10 18:42:00 +0000 2018,0.158,0.842,@BBC,0.0,"It wasn't until Henry VIII's reign that the #TowerOfLondon became really notorious as a place of imprisonment, tort… https://t.co/Lkoj4s5XH1",1
101,-0.5106,Tue Apr 10 18:00:27 +0000 2018,0.216,0.784,@BBC,0.0,Meet Rebekah - a former professional footballer who changed career and became a prison officer. https://t.co/D5H4aLBVln,2
102,0.0,Tue Apr 10 16:58:05 +0000 2018,0.0,1.0,@BBC,0.0,?? A man who ate the world's hottest chilli pepper in a chilli-eating contest ended up in hospital after experienci… https://t.co/aiRSOhb4eI,3
103,0.0,Tue Apr 10 16:34:54 +0000 2018,0.0,1.0,@BBC,0.0,"RT @bbccomedy: Henry of Eight, the Tudor Kim Kardashian. #CunkOnBritain @MissDianeMorgan https://t.co/VuQyfSFyRM",4
104,0.0,Tue Apr 10 16:32:08 +0000 2018,0.0,1.0,@BBC,0.0,"? Ten celebrity pairs who look so freakily alike they could be twins. #NationalSiblingsDay
? https://t.co/WAUVA2c8e4 https://t.co/wTkpghO1uv",5
105,0.4227,Tue Apr 10 16:02:03 +0000 2018,0.15,0.514,@BBC,0.336,"? That's quite the party trick! 
#Doodlebugs https://t.co/IUz7r0qJcf",6
106,0.6705,Tue Apr 10 15:47:43 +0000 2018,0.066,0.726,@BBC,0.208,"RT @TWBBC: ""Our liberty is at risk when we hand over our data"" @thermoflynamics and @FinalBullet ask if we need to take control of our data…",7
107,0.7351,Tue Apr 10 15:28:35 +0000 2018,0.0,0.763,@BBC,0.237,"RT @BBCNWT: Have you ever spotted a @RealMancsy around Manchester? ?

These free prints pop up around the city, thanks to the anonymous art…",8
108,0.8126,Tue Apr 10 15:25:18 +0000 2018,0.0,0.732,@BBC,0.268,"RT @BBCR1: Do YOU look like this lady with a tablecloth on her head?

We need your help to recreate a painting from the 1800s ??

Kindly em…",9
109,0.4939,Tue Apr 10 15:18:36 +0000 2018,0.0,0.789,@BBC,0.211,RT @BBCTwo: Two tiger brothers enjoy their first swimming lesson. ?? #NationalSiblingsDay https://t.co/qiyB4N5EYr,10
110,0.6249,Tue Apr 10 14:34:14 +0000 2018,0.0,0.796,@BBC,0.204,"RT @AboutTheBBC: Today @englishheritage unveiled a blue plaque to former BBC Director-General Sir Hugh Carleton Greene. A great moderniser,…",11
111,0.5423,Tue Apr 10 13:00:36 +0000 2018,0.0,0.774,@BBC,0.226,"?? From Velázquez to van Gogh, explore 5 masterpieces of European painting. 
? https://t.co/wRpdRNUuz5 https://t.co/EVrV6Iat8H",12
112,-0.5574,Tue Apr 10 12:00:17 +0000 2018,0.375,0.625,@BBC,0.0,? The nasty side of social media. https://t.co/rKpSRqqjkd,13
113,-0.6997,Tue Apr 10 11:00:18 +0000 2018,0.225,0.775,@BBC,0.0,?? The rise of 'extreme dog pampering' puts the welfare of pets in jeopardy and 'sends out an extremely worrying me… https://t.co/WTUIFUxaat,14
114,0.5093,Tue Apr 10 10:16:15 +0000 2018,0.0,0.82,@BBC,0.18,"RT @cbbc: This is cute, you two! ?

@nikkilillyy &amp; @jemmawilson talk cakes and being a goth ? https://t.co/LcF6T8F9d6",15
115,0.0,Tue Apr 10 10:12:47 +0000 2018,0.0,1.0,@BBC,0.0,"RT @BBCBreakfast: Meet 'The Man Engine'. 
He's a tribute to our mining history. ?  #manengine https://t.co/sa6ykd3uUT",16
116,-0.296,Tue Apr 10 09:44:17 +0000 2018,0.121,0.879,@BBC,0.0,"Iceland is to stop using palm oil in own-brand products by the end of 2018.
? https://t.co/jyQura5jVB https://t.co/K6HGJDMxrL",17
117,-0.1779,Tue Apr 10 09:34:46 +0000 2018,0.097,0.837,@BBC,0.066,"RT @bbcwritersroom: .@BBCR1 have just launched a new #comedy podcast called Kench with Ray Moss - No Stone Unturned by @benpartridge 
We ca…",18
118,0.6369,Tue Apr 10 09:05:51 +0000 2018,0.0,0.708,@BBC,0.292,"RT @BBC6Music: Listen back to @RobertSmith’s exclusive interview about:
? 40 years of @TheCure
? Inviting @RollingStones to play @meltdownf…",19
119,0.7096,Tue Apr 10 09:05:17 +0000 2018,0.0,0.796,@BBC,0.204,RT @BBC6Music: Tonight from 7-9pm BST: Cillian Murphy sits in for @IggyPop. Here he is on how @tomwaits is helping to inspire his new role.…,20
120,-0.128,Tue Apr 10 08:01:08 +0000 2018,0.189,0.651,@BBC,0.16,? This video game has been designed to help people deal with grief. https://t.co/tmRibTCet4,21
121,0.0,Tue Apr 10 07:27:02 +0000 2018,0.0,1.0,@BBC,0.0,"? Nine new species have been found where few scientists have gone before.
? https://t.co/EfvR9rqTNt https://t.co/qhInJevOTU",22
122,0.2716,Tue Apr 10 07:01:02 +0000 2018,0.0,0.827,@BBC,0.173,? Women's only swimming sessions are more important than you think. https://t.co/yPZyqsIktB,23
123,-0.5994,Mon Apr 09 19:01:07 +0000 2018,0.17,0.83,@BBC,0.0,"In this five-part immersive living history series, the training programme of one of World War Two's most covert org… https://t.co/WMq4ME93CR",24
124,-0.0772,Mon Apr 09 18:04:06 +0000 2018,0.064,0.936,@BBC,0.0,"When doctors found a large tumour on little Poppy’s brain, her parents faced one of the toughest decisions of their… https://t.co/bJp258jCaL",25
125,-0.4927,Tue Apr 10 18:42:00 +0000 2018,0.158,0.842,@BBC,0.0,"It wasn't until Henry VIII's reign that the #TowerOfLondon became really notorious as a place of imprisonment, tort… https://t.co/Lkoj4s5XH1",26
126,-0.5106,Tue Apr 10 18:00:27 +0000 2018,0.216,0.784,@BBC,0.0,Meet Rebekah - a former professional footballer who changed career and became a prison officer. https://t.co/D5H4aLBVln,27
127,0.0,Tue Apr 10 16:58:05 +0000 2018,0.0,1.0,@BBC,0.0,?? A man who ate the world's hottest chilli pepper in a chilli-eating contest ended up in hospital after experienci… https://t.co/aiRSOhb4eI,28
128,0.0,Tue Apr 10 16:34:54 +0000 2018,0.0,1.0,@BBC,0.0,"RT @bbccomedy: Henry of Eight, the Tudor Kim Kardashian. #CunkOnBritain @MissDianeMorgan https://t.co/VuQyfSFyRM",29
129,0.0,Tue Apr 10 16:32:08 +0000 2018,0.0,1.0,@BBC,0.0,"? Ten celebrity pairs who look so freakily alike they could be twins. #NationalSiblingsDay
? https://t.co/WAUVA2c8e4 https://t.co/wTkpghO1uv",30
130,0.4227,Tue Apr 10 16:02:03 +0000 2018,0.15,0.514,@BBC,0.336,"? That's quite the party trick! 
#Doodlebugs https://t.co/IUz7r0qJcf",31
131,0.6705,Tue Apr 10 15:47:43 +0000 2018,0.066,0.726,@BBC,0.208,"RT @TWBBC: ""Our liberty is at risk when we hand over our data"" @thermoflynamics and @FinalBullet ask if we need to take control of our data…",32
132,0.7351,Tue Apr 10 15:28:35 +0000 2018,0.0,0.763,@BBC,0.237,"RT @BBCNWT: Have you ever spotted a @RealMancsy around Manchester? ?

These free prints pop up around the city, thanks to the anonymous art…",33
133,0.8126,Tue Apr 10 15:25:18 +0000 2018,0.0,0.732,@BBC,0.268,"RT @BBCR1: Do YOU look like this lady with a tablecloth on her head?

We need your help to recreate a painting from the 1800s ??

Kindly em…",34
134,0.4939,Tue Apr 10 15:18:36 +0000 2018,0.0,0.789,@BBC,0.211,RT @BBCTwo: Two tiger brothers enjoy their first swimming lesson. ?? #NationalSiblingsDay https://t.co/qiyB4N5EYr,35
135,0.6249,Tue Apr 10 14:34:14 +0000 2018,0.0,0.796,@BBC,0.204,"RT @AboutTheBBC: Today @englishheritage unveiled a blue plaque to former BBC Director-General Sir Hugh Carleton Greene. A great moderniser,…",36
136,0.5423,Tue Apr 10 13:00:36 +0000 2018,0.0,0.774,@BBC,0.226,"?? From Velázquez to van Gogh, explore 5 masterpieces of European painting. 
? https://t.co/wRpdRNUuz5 https://t.co/EVrV6Iat8H",37
137,-0.5574,Tue Apr 10 12:00:17 +0000 2018,0.375,0.625,@BBC,0.0,? The nasty side of social media. https://t.co/rKpSRqqjkd,38
138,-0.6997,Tue Apr 10 11:00:18 +0000 2018,0.225,0.775,@BBC,0.0,?? The rise of 'extreme dog pampering' puts the welfare of pets in jeopardy and 'sends out an extremely worrying me… https://t.co/WTUIFUxaat,39
139,0.5093,Tue Apr 10 10:16:15 +0000 2018,0.0,0.82,@BBC,0.18,"RT @cbbc: This is cute, you two! ?

@nikkilillyy &amp; @jemmawilson talk cakes and being a goth ? https://t.co/LcF6T8F9d6",40
140,0.0,Tue Apr 10 10:12:47 +0000 2018,0.0,1.0,@BBC,0.0,"RT @BBCBreakfast: Meet 'The Man Engine'. 
He's a tribute to our mining history. ?  #manengine https://t.co/sa6ykd3uUT",41
141,-0.296,Tue Apr 10 09:44:17 +0000 2018,0.121,0.879,@BBC,0.0,"Iceland is to stop using palm oil in own-brand products by the end of 2018.
? https://t.co/jyQura5jVB https://t.co/K6HGJDMxrL",42
142,-0.1779,Tue Apr 10 09:34:46 +0000 2018,0.097,0.837,@BBC,0.066,"RT @bbcwritersroom: .@BBCR1 have just launched a new #comedy podcast called Kench with Ray Moss - No Stone Unturned by @benpartridge 
We ca…",43
143,0.6369,Tue Apr 10 09:05:51 +0000 2018,0.0,0.708,@BBC,0.292,"RT @BBC6Music: Listen back to @RobertSmith’s exclusive interview about:
? 40 years of @TheCure
? Inviting @RollingStones to play @meltdownf…",44
144,0.7096,Tue Apr 10 09:05:17 +0000 2018,0.0,0.796,@BBC,0.204,RT @BBC6Music: Tonight from 7-9pm BST: Cillian Murphy sits in for @IggyPop. Here he is on how @tomwaits is helping to inspire his new role.…,45
145,-0.128,Tue Apr 10 08:01:08 +0000 2018,0.189,0.651,@BBC,0.16,? This video game has been designed to help people deal with grief. https://t.co/tmRibTCet4,46
146,0.0,Tue Apr 10 07:27:02 +0000 2018,0.0,1.0,@BBC,0.0,"? Nine new species have been found where few scientists have gone before.
? https://t.co/EfvR9rqTNt https://t.co/qhInJevOTU",47
147,0.2716,Tue Apr 10 07:01:02 +0000 2018,0.0,0.827,@BBC,0.173,? Women's only swimming sessions are more important than you think. https://t.co/yPZyqsIktB,48
148,-0.5994,Mon Apr 09 19:01:07 +0000 2018,0.17,0.83,@BBC,0.0,"In this five-part immersive living history series, the training programme of one of World War Two's most covert org… https://t.co/WMq4ME93CR",49
149,-0.0772,Mon Apr 09 18:04:06 +0000 2018,0.064,0.936,@BBC,0.0,"When doctors found a large tumour on little Poppy’s brain, her parents faced one of the toughest decisions of their… https://t.co/bJp258jCaL",50
150,0.7184,Mon Apr 09 17:02:07 +0000 2018,0.0,0.727,@BBC,0.273,"Keep full and satisfied with these protein-filled, vegetarian dinners. 
Make double portions and save for lunch tom… https://t.co/yh3RGeC5i3",51
151,0.0,Mon Apr 09 16:43:45 +0000 2018,0.0,1.0,@BBC,0.0,"RT @BBCScotland: The history behind #NationalUnicornDay ?

*may not be factually accurate* https://t.co/p44XmIXnoM",52
152,0.0,Mon Apr 09 16:34:07 +0000 2018,0.0,1.0,@BBC,0.0,RT @BBCTwo: Can you guess the city? #TheCityAndTheCity’s @davemorrissey64 and @MandiDhillon tried our game out for size… ??? https://t.co/U…,53
153,0.0,Mon Apr 09 16:26:04 +0000 2018,0.0,1.0,@BBC,0.0,"The latest episode of @TheSimpsons has addressed controversy surrounding Indian character Apu for the first time.
?… https://t.co/guqD0Pf53R",54
154,0.6239,Mon Apr 09 16:04:04 +0000 2018,0.0,0.494,@BBC,0.506,?????? What a brilliant idea! https://t.co/QUVCwBptOU,55
155,0.4003,Mon Apr 09 15:42:30 +0000 2018,0.0,0.856,@BBC,0.144,RT @BBCTheOneShow: Tonight on The One Show - @kylieminogue! ????? RT: if you're excited. #TheOneShow #KylieMinogue #Kylie https://t.co/Yten…,56
156,0.5411,Mon Apr 09 15:29:26 +0000 2018,0.0,0.811,@BBC,0.189,"RT @BBCSport: What a way to save match point!

Table tennis is pure carnage.

#GC2018 #bbcgoldcoast https://t.co/1shVrSJuRn",57
157,0.5267,Mon Apr 09 15:07:08 +0000 2018,0.0,0.793,@BBC,0.207,"????
Henry and Baloo: Dog and cat travel companions gain cult following.
? https://t.co/rTpxqa69Oq https://t.co/iRkQXMwnyv",58
158,0.5267,Mon Apr 09 14:02:03 +0000 2018,0.0,0.855,@BBC,0.145,"A new campaign is encouraging people to do CPR to the tune of @The_Proclaimers' hit 'I'm Gonna Be (500 miles)'.
?… https://t.co/MULW1tgRPL",59
159,0.4404,Mon Apr 09 13:01:05 +0000 2018,0.0,0.707,@BBC,0.293,"How NOT to impress Madonna...
#TheGrahamNortonShow #TGNS https://t.co/NnYS15sU9p",60
160,0.0,Mon Apr 09 12:31:27 +0000 2018,0.0,1.0,@BBC,0.0,RT @bbccomedy: Philomena Cunk steps on board the first ship to circumcise the globe. #CunkOnBritain @missdianemorgan https://t.co/f1oHsolPHe,61
161,0.0,Mon Apr 09 12:28:16 +0000 2018,0.0,1.0,@BBC,0.0,"?? Over 1,500 people turned up to this mass sausage dog walk in Manchester yesterday. https://t.co/6fscMy6eZ7",62
162,0.34,Mon Apr 09 12:14:30 +0000 2018,0.0,0.888,@BBC,0.112,"RT @bbcsoutheast: You don't have to be married to take part in ""wife-carrying"". Fancy giving it a go? #Dorking #wifecarrying #wifecarryingu…",63
163,0.6705,Mon Apr 09 12:12:54 +0000 2018,0.0,0.792,@BBC,0.208,"RT @BBCnireland: As the days get longer, here are some #TightShorts tips on creating that naturally flawless, 'don't get seen, blend into t…",64
164,0.0,Mon Apr 09 12:02:02 +0000 2018,0.0,1.0,@BBC,0.0,Flipping the script on dyslexia. https://t.co/rW1FLygX9V,65
165,0.0,Mon Apr 09 11:50:07 +0000 2018,0.0,1.0,@BBC,0.0,"RT @bbcthesocial: This is how homophobia feels in 2018.

#TimeForLove https://t.co/dHfsvt94Nz",66
166,-0.2023,Mon Apr 09 11:27:01 +0000 2018,0.098,0.833,@BBC,0.068,RT @BBCFOUR: How do you cope with stage fright when you're working at music's top level? Listen to the new #BBCYoungMusician podcast with @…,67
167,0.6757,Mon Apr 09 11:16:03 +0000 2018,0.083,0.649,@BBC,0.268,"Love hurts, but this is a step too far...

? People are getting finger piercings instead of engagement rings.
?… https://t.co/eargluPvnC",68
168,0.0,Mon Apr 09 10:41:24 +0000 2018,0.0,1.0,@BBC,0.0,"?? When the weather is so cold that you can't bear to get up. 
#MondayMorning https://t.co/JhfqRhL5fQ",69
169,0.0,Mon Apr 09 08:56:59 +0000 2018,0.0,1.0,@BBC,0.0,RT @BBCTwo: Every Saga must come to an end... #TheBridge https://t.co/YNyeMUM8A2,70
170,-0.3252,Mon Apr 09 08:40:53 +0000 2018,0.109,0.891,@BBC,0.0,"RT @BBCRadio4: ""If a £100 coat is half price, and you buy it, you haven't saved £50 you've spent £50.""
https://t.co/yKrYlW9jf6",71
171,0.0,Mon Apr 09 08:01:01 +0000 2018,0.0,1.0,@BBC,0.0,"?? Hop onboard the train that (somehow) squeezes through a crowded market near Bangkok, eight times a day! https://t.co/htvLHtJdPH",72
172,-0.3182,Mon Apr 09 07:27:04 +0000 2018,0.103,0.897,@BBC,0.0,"The story of why the Roman Baths developed, how they were lost for many centuries and how they were rediscovered.… https://t.co/zEzPchOgPO",73
173,0.0,Mon Apr 09 07:00:14 +0000 2018,0.0,1.0,@BBC,0.0,? How can #3DPrinting be of use in surgery? https://t.co/3LQkXMMHwo,74
174,0.0,Sun Apr 08 19:02:05 +0000 2018,0.0,1.0,@BBC,0.0,"?? This is Maya the jaguar's very first swim!  
#BigCatsAboutTheHouse https://t.co/IacZP3ltf3",75
175,0.4939,Sun Apr 08 18:03:03 +0000 2018,0.0,0.686,@BBC,0.314,? Need a hand getting the kids to bed? https://t.co/JAUkyoVSA8,76
176,0.25,Sun Apr 08 17:25:08 +0000 2018,0.088,0.765,@BBC,0.147,"'Silencing masks' and 'wife auctions': What life used to be like for women. 
? https://t.co/7Z1bcXKgOx https://t.co/gzm7Hf3loH",77
177,0.0,Sun Apr 08 17:07:02 +0000 2018,0.0,1.0,@BBC,0.0,"?? Philomena Cunk examines the barbaric conditions in which we keep today's dinosaurs.
#CunkOnBritain  https://t.co/nBav5dqh7a",78
178,0.0,Sun Apr 08 16:40:55 +0000 2018,0.0,1.0,@BBC,0.0,"RT @bbcgetinspired: Meet Sue...

She is planning to run the 2018 @LondonMarathon to prove someone with vascular dementia can do it. ?

? ht…",79
179,-0.2263,Sun Apr 08 16:07:03 +0000 2018,0.106,0.894,@BBC,0.0,? Victoria Lomasko is a Russian graphic artist who's travelled up and down her country painting 'forgotten women'. https://t.co/XtlpBlAYb0,80
180,0.0,Sun Apr 08 15:31:00 +0000 2018,0.0,1.0,@BBC,0.0,"? The search for the next Young Musician has begun, and the first @BBCYoungMus semi-finalist of 2018 has been confi… https://t.co/klUA4GWtb0",81
181,0.0,Sun Apr 08 15:11:04 +0000 2018,0.0,1.0,@BBC,0.0,"'If boys are getting diagnosed with autism, girls need exactly the same.' https://t.co/f7Aft0LWwB",82
182,-0.2023,Sun Apr 08 13:54:07 +0000 2018,0.189,0.811,@BBC,0.0,?? Meet the kids cutting some serious shapes on the streets of Lagos. https://t.co/3ySZPqua01,83
183,0.875,Sun Apr 08 13:23:39 +0000 2018,0.0,0.607,@BBC,0.393,"RT @BBCSport: What a nice surprise ??

Two of @TeamEngland 's basketball players got engaged on court at the Commonwealths. 

Congrats @Jam…",84
184,0.2732,Sun Apr 08 13:03:04 +0000 2018,0.0,0.488,@BBC,0.512,? 'Surprise me'. https://t.co/Jo7illTafh,85
185,-0.0772,Sun Apr 08 11:00:15 +0000 2018,0.064,0.936,@BBC,0.0,"When doctors found a large tumour on little Poppy’s brain, her parents faced one of the toughest decisions of their… https://t.co/MGM0dpxlFH",86
186,0.5859,Sun Apr 08 10:15:06 +0000 2018,0.0,0.787,@BBC,0.213,"RT @BBCSport: Beauty queen ?
Commonwealth Games weightlifting silver medallist ?

Introducing Sarah Davies...

#GC2018 #bbcgoldcoast https:…",87
187,0.3818,Sun Apr 08 10:01:07 +0000 2018,0.0,0.88,@BBC,0.12,"From Ordeal by Innocence to the return of The Handmaid’s Tale, here are @BBC_Culture's pick of programmes to watch… https://t.co/Q6S34uv5LX",88
188,0.0,Sun Apr 08 09:08:02 +0000 2018,0.0,1.0,@BBC,0.0,"?? Not only can Koko the gorilla use sign language, she also appears to have learnt to lie...

https://t.co/xXZwlLDLJh",89
189,0.0,Sun Apr 08 08:17:18 +0000 2018,0.0,1.0,@BBC,0.0,RT @BBCOne: .@johnkrasinski's got MOVES. #TheGrahamNortonShow #TGNS https://t.co/2HUMM0ixEW,90
190,0.6369,Sun Apr 08 08:08:07 +0000 2018,0.0,0.792,@BBC,0.208,"Football, volleyball AND martial arts? ?????

Sepak Takraw is the best sport you've never heard of... 

https://t.co/ngTwJHEmrI",91
191,0.3612,Sun Apr 08 07:02:06 +0000 2018,0.0,0.783,@BBC,0.217,? Meet the gargantuan air freighter that looks like a whale. https://t.co/7DPUt8okKU,92
192,0.5719,Sat Apr 07 18:00:22 +0000 2018,0.0,0.748,@BBC,0.252,??? @NiallOfficial's Live Lounge cover of @JuliaMichaels' Issues is just perfect.  https://t.co/XpsnR29hPU,93
193,0.0,Sat Apr 07 17:19:26 +0000 2018,0.0,1.0,@BBC,0.0,"RT @CBeebiesHQ: Goodnight @ChrisEvans,? 

Chris reads Goodnight Goodnight Construction site tonight. ?? 

#BedtimeStory is at 6:50pm ?? htt…",94
194,-0.7269,Sat Apr 07 17:04:03 +0000 2018,0.405,0.523,@BBC,0.072,?? Lions are often poisoned to prevent them attacking livestock. https://t.co/254nhtlMW5,95
195,0.6515,Sat Apr 07 16:00:23 +0000 2018,0.0,0.581,@BBC,0.419,"? Some VERY impressive maths here. 
#UniversityChallenge https://t.co/crvQQ5V3Vn",96
196,0.6908,Sat Apr 07 15:01:03 +0000 2018,0.0,0.759,@BBC,0.241,Doctors are finding one way that sugar can benefit your health - it may help heal wounds resistant to antibiotics.… https://t.co/zI9pN0zSVo,97
197,0.0,Sat Apr 07 14:33:46 +0000 2018,0.0,1.0,@BBC,0.0,"RT @BBCRadio2: ""The clunk of putting the cassette in, snapping it shut... oh wait I'm going to rewind to get to the start of the song. It's…",98
198,0.0,Sat Apr 07 14:00:31 +0000 2018,0.0,1.0,@BBC,0.0,"?? Our pick of the most striking news photographs taken around the world recently.
? https://t.co/zPpuZq9hOC https://t.co/fYUTrG44Ra",99
199,-0.5719,Sat Apr 07 13:00:20 +0000 2018,0.222,0.778,@BBC,0.0,How did this new mum survive in the chaos that followed Hurricane Maria? https://t.co/Nx7uFz1k56,100
200,0.6976,Tue Apr 10 15:30:00 +0000 2018,0.0,0.747,@CBS,0.253,"The legendary @eltonofficial said ""It's the most wonderful feeling when someone records your song or sings your son… https://t.co/Krlqs3qNck",1
201,0.6597,Mon Apr 09 20:00:00 +0000 2018,0.0,0.779,@CBS,0.221,"Are you ready for a good time? Tomorrow, Elton John: I’m Still Standing - A GRAMMY®? Salute airs at 9/8c on CBS and… https://t.co/Z3Mnp1cJPa",2
202,0.0,Mon Apr 09 17:29:47 +0000 2018,0.0,1.0,@CBS,0.0,"@edsheeran, @KeshaRose, @HaileeSteinfeld, @ActuallyNPH, and many more describe the impact that the music of Elton J… https://t.co/wBwzWcWGAa",3
203,0.0,Mon Apr 09 17:00:02 +0000 2018,0.0,1.0,@CBS,0.0,"Lights will come on for @Jason_Aldean when he takes the stage to perform at the 53rd #ACMawards on Sunday, April 15… https://t.co/qPAbrFp4kQ",4
204,0.2732,Mon Apr 09 15:00:00 +0000 2018,0.086,0.784,@CBS,0.129,Which state does @reba call home and which song was her first No. 1 single? Test your knowledge of the beloved coun… https://t.co/Sp8icKpFNu,5
205,0.6239,Mon Apr 09 13:36:00 +0000 2018,0.0,0.786,@CBS,0.214,This just in! Thirteen-time ACM Award® winner @carrieunderwood will be performing her soon-to-be-released single li… https://t.co/GEyjt4lFbb,6
206,0.6467,Mon Apr 09 01:42:06 +0000 2018,0.0,0.72,@CBS,0.28,It's time to celebrate! @MomCBS will be back for Season 6! https://t.co/ianxp6JWHq,7
207,0.7096,Sun Apr 08 22:00:01 +0000 2018,0.0,0.742,@CBS,0.258,@OldDominion's Matthew Ramsey is here with a friendly reminder - Country Music’s Party Of The Year® is just seven d… https://t.co/SFnXxQLoPN,8
208,0.5562,Sun Apr 08 18:38:13 +0000 2018,0.0,0.854,@CBS,0.146,It all comes down to this! Stream Round 4 of #TheMasters Tournament on CBS live with a free trial of CBS All Access… https://t.co/mNFSAUkLvZ,9
209,0.4199,Sun Apr 08 15:00:00 +0000 2018,0.0,0.892,@CBS,0.108,"@reba is ready for her hosting duties! In just one week, watch her take the stage at the 53rd #ACMawards. Tune in A… https://t.co/TmjezmqPme",10
210,0.6696,Sat Apr 07 19:35:08 +0000 2018,0.0,0.817,@CBS,0.183,Watch some of the biggest names in golf compete in one of the greatest tournaments of the year! Stream #TheMasters… https://t.co/e8kbkSLx5k,11
211,0.0,Sat Apr 07 18:28:03 +0000 2018,0.0,1.0,@CBS,0.0,Tonight's the night! Here's a behind-the-scenes look at season 2 of @RansomCBS before the big premiere. Tune in at… https://t.co/WtRHvufO7H,12
212,0.3612,Sat Apr 07 16:30:02 +0000 2018,0.0,0.894,@CBS,0.106,What song will @DierksBentley belt out when he takes the stage to perform at the 53rd #ACMawards? Get ready to sing… https://t.co/oEtKJnKQVn,13
213,0.0,Sat Apr 07 15:31:12 +0000 2018,0.0,1.0,@CBS,0.0,"@johnlegend, @mirandalambert, @KeshaRose, and more perform @eltonofficial's hit songs! Watch Elton John: I'm Still… https://t.co/VF3hf8OCT7",14
214,0.0,Fri Apr 06 21:10:18 +0000 2018,0.0,1.0,@CBS,0.0,Ask 53rd ACM Awards® host @reba a question and she just may answer it on April 11 at 5:30p ET/2:30p PT when she tak… https://t.co/DAa5gQS8oX,15
215,0.0,Fri Apr 06 17:00:00 +0000 2018,0.0,1.0,@CBS,0.0,What’s @eltonofficial's birth name and which of his songs holds the record for biggest selling single of all time?… https://t.co/N5qkMYCE7e,16
216,0.0,Fri Apr 06 13:45:00 +0000 2018,0.0,1.0,@CBS,0.0,Do you have a question for country music legend and host of the 53rd ACM Awards® @reba? Write it below for a chance… https://t.co/yVVDVFpxDM,17
217,0.5859,Thu Apr 05 21:44:00 +0000 2018,0.0,0.806,@CBS,0.194,How well do you know The Academy of Country Music Awards™? Test your knowledge of Country Music’s Party of the Year… https://t.co/lfWAcvAbZa,18
218,0.6597,Thu Apr 05 19:07:48 +0000 2018,0.0,0.759,@CBS,0.241,"RT @CodeBlackCBS: The intensity and emotions of your favorite show are returning to @CBS in 3 weeks.

Get excited. https://t.co/aGUNIPwRjh",19
219,-0.3875,Thu Apr 05 17:00:00 +0000 2018,0.157,0.769,@CBS,0.074,"Don't miss @littlebigtown's amazing performance of @eltonofficial's ""Rocket Man"" under the big spotlight at Elton J… https://t.co/bqse7nhkV3",20
220,0.807,Wed Apr 04 22:07:01 +0000 2018,0.0,0.687,@CBS,0.313,Today's biggest stars are celebrating @EltonJohn's most beloved and legendary catalogue of hits with two albums dro… https://t.co/cilUdkKtjQ,21
221,0.7568,Wed Apr 04 21:48:07 +0000 2018,0.0,0.712,@CBS,0.288,"RT @LifeInPiecesCBS: We ""literally can't even"" with how hilarious these #LifeInPieces outtakes are! ?

Introducing Laughing To Pieces! Foll…",22
222,0.8495,Wed Apr 04 21:47:26 +0000 2018,0.0,0.634,@CBS,0.366,"RT @YoungSheldon: Don't miss guest star @Followtheblonde in tomorrow's all-new #YoungSheldon! Trust us, you're going to love every minute.…",23
223,0.4926,Wed Apr 04 21:46:13 +0000 2018,0.0,0.803,@CBS,0.197,RT @MomCBS: Tomorrow's episode of #Mom is going to be a doggone good one! https://t.co/e1WI3uOxVg,24
224,-0.3182,Wed Apr 04 21:44:17 +0000 2018,0.095,0.905,@CBS,0.0,RT @survivorcbs: There's a lot at stake when competing for actual steak. Get a glimpse at an all-new #Survivor: Ghost Island at 8/7c on CBS…,25
225,0.6976,Tue Apr 10 15:30:00 +0000 2018,0.0,0.747,@CBS,0.253,"The legendary @eltonofficial said ""It's the most wonderful feeling when someone records your song or sings your son… https://t.co/Krlqs3qNck",26
226,0.6597,Mon Apr 09 20:00:00 +0000 2018,0.0,0.779,@CBS,0.221,"Are you ready for a good time? Tomorrow, Elton John: I’m Still Standing - A GRAMMY®? Salute airs at 9/8c on CBS and… https://t.co/Z3Mnp1cJPa",27
227,0.0,Mon Apr 09 17:29:47 +0000 2018,0.0,1.0,@CBS,0.0,"@edsheeran, @KeshaRose, @HaileeSteinfeld, @ActuallyNPH, and many more describe the impact that the music of Elton J… https://t.co/wBwzWcWGAa",28
228,0.0,Mon Apr 09 17:00:02 +0000 2018,0.0,1.0,@CBS,0.0,"Lights will come on for @Jason_Aldean when he takes the stage to perform at the 53rd #ACMawards on Sunday, April 15… https://t.co/qPAbrFp4kQ",29
229,0.2732,Mon Apr 09 15:00:00 +0000 2018,0.086,0.784,@CBS,0.129,Which state does @reba call home and which song was her first No. 1 single? Test your knowledge of the beloved coun… https://t.co/Sp8icKpFNu,30
230,0.6239,Mon Apr 09 13:36:00 +0000 2018,0.0,0.786,@CBS,0.214,This just in! Thirteen-time ACM Award® winner @carrieunderwood will be performing her soon-to-be-released single li… https://t.co/GEyjt4lFbb,31
231,0.6467,Mon Apr 09 01:42:06 +0000 2018,0.0,0.72,@CBS,0.28,It's time to celebrate! @MomCBS will be back for Season 6! https://t.co/ianxp6JWHq,32
232,0.7096,Sun Apr 08 22:00:01 +0000 2018,0.0,0.742,@CBS,0.258,@OldDominion's Matthew Ramsey is here with a friendly reminder - Country Music’s Party Of The Year® is just seven d… https://t.co/SFnXxQLoPN,33
233,0.5562,Sun Apr 08 18:38:13 +0000 2018,0.0,0.854,@CBS,0.146,It all comes down to this! Stream Round 4 of #TheMasters Tournament on CBS live with a free trial of CBS All Access… https://t.co/mNFSAUkLvZ,34
234,0.4199,Sun Apr 08 15:00:00 +0000 2018,0.0,0.892,@CBS,0.108,"@reba is ready for her hosting duties! In just one week, watch her take the stage at the 53rd #ACMawards. Tune in A… https://t.co/TmjezmqPme",35
235,0.6696,Sat Apr 07 19:35:08 +0000 2018,0.0,0.817,@CBS,0.183,Watch some of the biggest names in golf compete in one of the greatest tournaments of the year! Stream #TheMasters… https://t.co/e8kbkSLx5k,36
236,0.0,Sat Apr 07 18:28:03 +0000 2018,0.0,1.0,@CBS,0.0,Tonight's the night! Here's a behind-the-scenes look at season 2 of @RansomCBS before the big premiere. Tune in at… https://t.co/WtRHvufO7H,37
237,0.3612,Sat Apr 07 16:30:02 +0000 2018,0.0,0.894,@CBS,0.106,What song will @DierksBentley belt out when he takes the stage to perform at the 53rd #ACMawards? Get ready to sing… https://t.co/oEtKJnKQVn,38
238,0.0,Sat Apr 07 15:31:12 +0000 2018,0.0,1.0,@CBS,0.0,"@johnlegend, @mirandalambert, @KeshaRose, and more perform @eltonofficial's hit songs! Watch Elton John: I'm Still… https://t.co/VF3hf8OCT7",39
239,0.0,Fri Apr 06 21:10:18 +0000 2018,0.0,1.0,@CBS,0.0,Ask 53rd ACM Awards® host @reba a question and she just may answer it on April 11 at 5:30p ET/2:30p PT when she tak… https://t.co/DAa5gQS8oX,40
240,0.0,Fri Apr 06 17:00:00 +0000 2018,0.0,1.0,@CBS,0.0,What’s @eltonofficial's birth name and which of his songs holds the record for biggest selling single of all time?… https://t.co/N5qkMYCE7e,41
241,0.0,Fri Apr 06 13:45:00 +0000 2018,0.0,1.0,@CBS,0.0,Do you have a question for country music legend and host of the 53rd ACM Awards® @reba? Write it below for a chance… https://t.co/yVVDVFpxDM,42
242,0.5859,Thu Apr 05 21:44:00 +0000 2018,0.0,0.806,@CBS,0.194,How well do you know The Academy of Country Music Awards™? Test your knowledge of Country Music’s Party of the Year… https://t.co/lfWAcvAbZa,43
243,0.6597,Thu Apr 05 19:07:48 +0000 2018,0.0,0.759,@CBS,0.241,"RT @CodeBlackCBS: The intensity and emotions of your favorite show are returning to @CBS in 3 weeks.

Get excited. https://t.co/aGUNIPwRjh",44
244,-0.3875,Thu Apr 05 17:00:00 +0000 2018,0.157,0.769,@CBS,0.074,"Don't miss @littlebigtown's amazing performance of @eltonofficial's ""Rocket Man"" under the big spotlight at Elton J… https://t.co/bqse7nhkV3",45
245,0.807,Wed Apr 04 22:07:01 +0000 2018,0.0,0.687,@CBS,0.313,Today's biggest stars are celebrating @EltonJohn's most beloved and legendary catalogue of hits with two albums dro… https://t.co/cilUdkKtjQ,46
246,0.7568,Wed Apr 04 21:48:07 +0000 2018,0.0,0.712,@CBS,0.288,"RT @LifeInPiecesCBS: We ""literally can't even"" with how hilarious these #LifeInPieces outtakes are! ?

Introducing Laughing To Pieces! Foll…",47
247,0.8495,Wed Apr 04 21:47:26 +0000 2018,0.0,0.634,@CBS,0.366,"RT @YoungSheldon: Don't miss guest star @Followtheblonde in tomorrow's all-new #YoungSheldon! Trust us, you're going to love every minute.…",48
248,0.4926,Wed Apr 04 21:46:13 +0000 2018,0.0,0.803,@CBS,0.197,RT @MomCBS: Tomorrow's episode of #Mom is going to be a doggone good one! https://t.co/e1WI3uOxVg,49
249,-0.3182,Wed Apr 04 21:44:17 +0000 2018,0.095,0.905,@CBS,0.0,RT @survivorcbs: There's a lot at stake when competing for actual steak. Get a glimpse at an all-new #Survivor: Ghost Island at 8/7c on CBS…,50
250,-0.25,Wed Apr 04 18:02:13 +0000 2018,0.133,0.867,@CBS,0.0,RT @TVLine: #LifeInPieces Sneak Peek: Sophia and Her Stuffed Toys Stage a Musical Protest https://t.co/r16SLZlZPc,51
251,0.0,Tue Apr 03 23:00:00 +0000 2018,0.0,1.0,@CBS,0.0,Whose catchy tune will take Song Of The Year at the 53rd #ACMawards? Give it up for the four nominees -… https://t.co/R9MtUNZtsw,52
252,0.0,Tue Apr 03 21:00:02 +0000 2018,0.0,1.0,@CBS,0.0,"Here's everything you need to know before tuning into Elton John: I'm Still Standing - A GRAMMY® Salute on Tuesday,… https://t.co/C8fiKl4j98",53
253,0.7096,Tue Apr 03 18:00:00 +0000 2018,0.0,0.742,@CBS,0.258,"In just one week, @eltonofficial and today's hottest stars in music will join together to celebrate Elton's countle… https://t.co/ACQGHNWz8u",54
254,0.7906,Tue Apr 03 05:17:01 +0000 2018,0.0,0.579,@CBS,0.421,Tonight we #LightItUpBlue for greater understanding and acceptance. CBS supports #WorldAutismAwarenessDay by lighti… https://t.co/hBAXcDvP4r,55
255,0.1513,Mon Apr 02 17:30:00 +0000 2018,0.092,0.792,@CBS,0.116,No one does it quite like @eltonofficial. The artist himself will belt out some of his chart-topping hits on Elton… https://t.co/ckY4bUvTXI,56
256,0.6486,Sun Apr 01 17:00:03 +0000 2018,0.0,0.798,@CBS,0.202,The Las Vegas strip is about to light up brighter than ever before when Country Music’s Party Of The Year® takes ov… https://t.co/j1A2ZVHAoO,57
257,0.0,Sat Mar 31 18:00:00 +0000 2018,0.0,1.0,@CBS,0.0,"“If you don’t do something about it, then who are you? … It can happen to anyone.” - @aplusk 

Tonight at 10/9c, a… https://t.co/EQabNc1UZI",58
258,0.4199,Sat Mar 31 15:30:00 +0000 2018,0.0,0.887,@CBS,0.113,Give it up for @KelseaBallerini! This star is one of the Female Vocalist Of The Year nominees and she's ready to ta… https://t.co/wLyHwkEGs2,59
259,0.4926,Fri Mar 30 16:50:00 +0000 2018,0.0,0.873,@CBS,0.127,Take and post a photo of the woman in your life who inspires you! The photo should only have one person against a n… https://t.co/BHdxXlWfKP,60
260,0.0,Thu Mar 29 17:32:40 +0000 2018,0.0,1.0,@CBS,0.0,"Expect epic performances by @kanebrown , @kelly_clarkson, @OfficialJackson, and more at this year's 53rd #ACMawards… https://t.co/3yso7Z0cjv",61
261,0.0,Thu Mar 29 17:30:02 +0000 2018,0.0,1.0,@CBS,0.0,"Will @HIGHVALLEY, @LancoMusic, @LOCASHmusic, @MidlandOfficial, or @runawayjune be named New Vocal Duo Or Group Of T… https://t.co/v0QIPLC47R",62
262,0.3818,Tue Mar 27 21:00:01 +0000 2018,0.108,0.68,@CBS,0.212,Count on Entertainer Of The Year nominee @LukeBryanOnline to crash the party with an epic performance at the 53rd… https://t.co/27ua60HTqu,63
263,0.296,Tue Mar 27 17:00:00 +0000 2018,0.0,0.901,@CBS,0.099,Join @eltonofficial and some of today's hottest names in music when they take the stage to perform his most memorab… https://t.co/jz0jaShZIj,64
264,0.508,Mon Mar 26 22:14:25 +0000 2018,0.0,0.88,@CBS,0.12,"RT @ACMawards: The ACM for New Vocal Group of the Year goes to @MidlandOfficial! And yes, that really was @Reba on the phone! #ACMawards ht…",65
265,0.0,Mon Mar 26 20:42:48 +0000 2018,0.0,1.0,@CBS,0.0,"RT @ACMawards: In case you didn’t know, the ACM for New Male Vocalist of the Year goes to @BrettYoungMusic. Check out his reaction when @Re…",66
266,0.7959,Mon Mar 26 16:59:19 +0000 2018,0.0,0.786,@CBS,0.214,RT @ACMawards: Over the weekend @Reba called the ACM New Artist of the Year winners to let them know they had won! Let’s just say our New F…,67
267,0.807,Mon Mar 26 16:05:18 +0000 2018,0.0,0.622,@CBS,0.378,"Congratulations to the 53rd #ACMawards New Artist winners @Lauren_Alaina, @MidlandOfficial, and @BrettYoungMusic! W… https://t.co/Fr8H4arwGj",68
268,0.0,Sun Mar 25 23:57:34 +0000 2018,0.0,1.0,@CBS,0.0,New start times in East/Central Time Zones #60Minutes 7:35ET/6:35CT #Instinct  8:35ET/7:35CT #NCISLA 9:35ET/8:35CT… https://t.co/8W5hAeLrvs,69
269,0.5319,Sun Mar 25 17:15:25 +0000 2018,0.062,0.78,@CBS,0.157,Don’t miss a minute of the action. Stream the Elite Eight® games LIVE today starting at 2PM ET with a FREE trial of… https://t.co/8NwU8HdiHR,70
270,0.5399,Sat Mar 24 22:46:53 +0000 2018,0.0,0.801,@CBS,0.199,RT @MomCBS: That's a wrap on the #Mom panel at #PaleyFest! Thanks for following along! https://t.co/we4JgqPt6P,71
271,-0.34,Sat Mar 24 22:46:43 +0000 2018,0.185,0.7,@CBS,0.115,RT @MomCBS: A fan just commented that #Mom helped bring him out of a deep depression. ??? #PaleyFest,72
272,0.7003,Sat Mar 24 22:25:03 +0000 2018,0.0,0.791,@CBS,0.209,"RT @MomCBS: ""Go out for it anyway. If you're good for the role, you're good for the role."" @theJaimePressly's advice for aspiring actors wi…",73
273,0.0,Sat Mar 24 22:21:37 +0000 2018,0.0,1.0,@CBS,0.0,RT @MomCBS: Mom Co-Creator @GemmaRBaker just pointed out her own #Mom in the audience at #PaleyFest! ?,74
274,0.0,Sat Mar 24 22:21:34 +0000 2018,0.0,1.0,@CBS,0.0,"RT @MomCBS: ""I'm not someone in recovery who goes to AA, but I have taken so much away from it...to take one day at a time."" - @theJaimePre…",75
275,0.7184,Sat Mar 24 22:21:26 +0000 2018,0.0,0.667,@CBS,0.333,"RT @MomCBS: ""You get to appreciate working with such talented people."" - @AnnaKFaris #Mom #PaleyFest",76
276,0.9451,Sat Mar 24 22:21:23 +0000 2018,0.0,0.58,@CBS,0.42,RT @MomCBS: “I love this job. I love working with these women. I love working in front of the live audience… It’s alive and it’s fun.” - @A…,77
277,0.0,Sat Mar 24 20:00:02 +0000 2018,0.0,1.0,@CBS,0.0,"Get on your feet for @Jason_Aldean, @ThomasRhett, @ChrisStapleton, @KeithUrban, and @ChrisYoungMusic, the five nomi… https://t.co/oT5ogjdj4x",78
278,0.6996,Fri Mar 23 22:33:52 +0000 2018,0.0,0.806,@CBS,0.194,Get ready for some sweet games! Stream #5 Clemson vs #1 Kansas LIVE at 7PM ET and #11 Syracuse vs #2 Duke LIVE at 9… https://t.co/4WstgrKNnW,79
279,0.4939,Fri Mar 23 22:33:04 +0000 2018,0.0,0.686,@CBS,0.314,RT @SEALTeamCBS: In honor of #NationalPuppyDay... ? #SEALTeam https://t.co/4mIZPpiRlU,80
280,0.8997,Fri Mar 23 22:32:48 +0000 2018,0.0,0.645,@CBS,0.355,"RT @HawaiiFive0CBS: Nothing like a man and his dog! ?? Happy #NationalPuppyDay to Eddie, the best pup on the Five-0 Task Force! #H50 https:…",81
281,0.0,Thu Mar 22 22:10:29 +0000 2018,0.0,1.0,@CBS,0.0,Game on! 16 teams left and the race to the finish continues tonight. Stream #11 Loyola-Chicago vs #7 Nevada LIVE at… https://t.co/W374rmzzoC,82
282,0.7081,Thu Mar 22 20:52:02 +0000 2018,0.066,0.623,@CBS,0.311,Save the date! These are season finales you do NOT want to miss. RT if you're excited! https://t.co/UUQoWsPPSh https://t.co/cDl4WmxMtU,83
283,0.636,Thu Mar 22 00:23:38 +0000 2018,0.0,0.802,@CBS,0.198,Congratulations to all of the @CBSDaytime nominees for the #DaytimeEmmys! See the full list of #DaytimeEmmy nominee… https://t.co/ivJVJWvfsf,84
284,0.0,Wed Mar 21 18:00:01 +0000 2018,0.0,1.0,@CBS,0.0,Female Vocalist Of The Year nominee @MarenMorris will show her fans how it’s done when she takes the stage to showc… https://t.co/PITjmAoFT8,85
285,0.5106,Tue Mar 20 20:00:01 +0000 2018,0.0,0.858,@CBS,0.142,The legendary @Reba returns to host the 53rd #ACMawards and she’s proving just how comfortable she is behind the mi… https://t.co/XPXcSPRXqC,86
286,0.0,Tue Mar 20 17:58:43 +0000 2018,0.0,1.0,@CBS,0.0,RT @nancyodell: Told my daughter I'd be presenting at @ACMawards again this year. (Woot woot!We both luv country music!)She took this pic o…,87
287,0.5562,Tue Mar 20 16:52:42 +0000 2018,0.0,0.826,@CBS,0.174,RT @ladyantebellum: Ecstatic to announce we'll be performing at the #ACMawards in Las Vegas again this year! https://t.co/Qfhs94j6FR,88
288,0.0,Tue Mar 20 16:11:00 +0000 2018,0.0,1.0,@CBS,0.0,"Country superstars @kennychesney, @ladyantebellum, @blakeshelton, and @KeithUrban have just been added to the stell… https://t.co/bJ4If7MacP",89
289,0.7845,Mon Mar 19 21:02:26 +0000 2018,0.072,0.619,@CBS,0.309,"RT @YandR_CBS: Forever evolving, Forever inspiring, Forever Young and Restless. ?? Get ready to celebrate 45 years of #YR starting in just…",90
290,0.0,Sun Mar 18 23:44:30 +0000 2018,0.0,1.0,@CBS,0.0,New start times in East/Central Time Zones: #60Minutes 7:37ET/6:37CT #Instinct series premiere 8:37ET/7:37CT… https://t.co/xT3YKqmu2M,91
291,0.6514,Sun Mar 18 18:05:43 +0000 2018,0.0,0.787,@CBS,0.213,Spend your Sunday streaming Second Round games LIVE with a FREE trial of CBS All Access! https://t.co/3P85rXLy4b https://t.co/zbWfirD9Ju,92
292,0.1867,Sun Mar 18 17:09:53 +0000 2018,0.0,0.92,@CBS,0.08,"RT @instinctcbs: TONIGHT, Dr. Dylan Reinhart rewrites the book on abnormal behavior. Don't miss the premiere of #Instinct at 8/7c! https://…",93
293,0.0,Sat Mar 17 19:00:02 +0000 2018,0.0,1.0,@CBS,0.0,"If any duo knows how to rock the stage, it's @FLAGALine. The Vocal Duo Of The Year nominee will perform live at the… https://t.co/FknabB8NQp",94
294,0.6166,Sat Mar 17 17:42:43 +0000 2018,0.0,0.839,@CBS,0.161,How is your bracket looking after last night? Stream Second Round games LIVE today with a FREE trial of CBS All Acc… https://t.co/25JlIpgwog,95
295,0.7096,Sat Mar 17 14:00:03 +0000 2018,0.0,0.753,@CBS,0.247,Where better to spend #StPatricksDay than the place everybody knows your name? It’s just your luck that every singl… https://t.co/Fom5wmdENL,96
296,0.296,Fri Mar 16 22:53:21 +0000 2018,0.0,0.896,@CBS,0.104,Stars @JakeMcDorman and Nik Dodani will join the cast in the upcoming revival of Murphy Brown coming to CBS.… https://t.co/JCAx29lo0i,97
297,0.0,Fri Mar 16 18:15:53 +0000 2018,0.0,1.0,@CBS,0.0,"RT @thegoodfight: Go behind the scenes with costume designer @DanLawsonStyle in ""Behind The Style,"" a new weekly video series all about the…",98
298,0.6514,Fri Mar 16 16:28:40 +0000 2018,0.0,0.822,@CBS,0.178,The games have just begun! Continue to stream First Round games LIVE today with a FREE trial of CBS All Access:… https://t.co/YTGsJ48zYP,99
299,0.7088,Thu Mar 15 17:54:06 +0000 2018,0.0,0.763,@CBS,0.237,"RT @TheTalkCBS: You asked, we answered! The fun never ends when the ladies #KeepTalking and answer your fan questions ???? https://t.co/ie1…",100
300,-0.1419,Tue Apr 10 18:45:07 +0000 2018,0.069,0.931,@nytimes,0.0,"Bustling and built for governing, Bogotá may not be a tropical jewel or a trendy hot spot, but it is an essential p… https://t.co/o8yJgcurQK",1
301,-0.4019,Tue Apr 10 18:36:53 +0000 2018,0.163,0.837,@nytimes,0.0,"Zuckerberg is expected to tell Congress, “It was my mistake, and I’m sorry. I started Facebook, I run it and I’m re… https://t.co/opF4ezMQNj",2
302,-0.5106,Tue Apr 10 18:33:48 +0000 2018,0.148,0.852,@nytimes,0.0,"Watch live: Mark Zuckerberg, Facebook's chief, is about to testify to Congress on why his company failed to protect… https://t.co/tCFhrtGSXk",3
303,-0.5719,Tue Apr 10 18:30:08 +0000 2018,0.228,0.684,@nytimes,0.087,2 of the ways the U.S. could respond to fresh reports of a chemical weapons attack in Syria would have little effec… https://t.co/NI04BOdexx,4
304,0.0,Tue Apr 10 18:17:46 +0000 2018,0.0,1.0,@nytimes,0.0,RT @kevinroose: Someone came to the hearing dressed as a Russian troll. https://t.co/ZdPEK9MDne,5
305,0.4019,Tue Apr 10 18:16:12 +0000 2018,0.0,0.895,@nytimes,0.105,Mark Zuckerberg will be clad in a suit and tie at his hearing. He will also have a booster seat to help give his te… https://t.co/6o4AseMQ2h,6
306,-0.3818,Tue Apr 10 18:10:07 +0000 2018,0.12,0.88,@nytimes,0.0,"""You may be asking yourself: What kind of sociopath complains about ice cream sundaes? I just know that when I see… https://t.co/Scp1lrmZ5j",7
307,0.0258,Tue Apr 10 17:55:05 +0000 2018,0.0,0.948,@nytimes,0.052,A Facebook page that claimed a connection to Black Lives Matter and had more than twice as many followers as the mo… https://t.co/vswTey0l1v,8
308,0.0,Tue Apr 10 17:40:06 +0000 2018,0.0,1.0,@nytimes,0.0,Most of the White House staff in this swearing-in photo has left the Trump administration https://t.co/MvygghIpO7,9
309,0.0,Tue Apr 10 17:27:14 +0000 2018,0.0,1.0,@nytimes,0.0,"Also this morning, some people woke up to a Facebook notification that their private messages might have been harve… https://t.co/W1d21jJWXP",10
310,-0.5423,Tue Apr 10 17:25:04 +0000 2018,0.171,0.829,@nytimes,0.0,"In bad timing for Mark Zuckerberg, Senator Chris Coons, a Democratic member of the Judiciary Committee, today found… https://t.co/irY9Uf2oAS",11
311,-0.3182,Tue Apr 10 17:10:07 +0000 2018,0.169,0.725,@nytimes,0.106,How professional sports teams make money off cheerleaders by sending them into settings where they're harassed https://t.co/A6MS4SEW44,12
312,0.0,Tue Apr 10 16:55:04 +0000 2018,0.0,1.0,@nytimes,0.0,It’s a one-pan wonder and can be made on the fly https://t.co/NfCbu8IGdn https://t.co/MZioBSqGML,13
313,-0.128,Tue Apr 10 16:42:59 +0000 2018,0.169,0.683,@nytimes,0.149,"On Tuesday, Facebook announced it would begin offering a “data abuse bounty” program to reward people who report in… https://t.co/uYGZYFQfqT",14
314,0.0,Tue Apr 10 16:40:09 +0000 2018,0.0,1.0,@nytimes,0.0,"They are some of the first known Facebook users targeted by Cambridge Analytica to be publicly identified, and they… https://t.co/4y614GyHB8",15
315,0.0,Tue Apr 10 16:27:20 +0000 2018,0.0,1.0,@nytimes,0.0,Breaking News: FBI agents who raided the office of President Trump’s lawyer sought records of payments to 2 women w… https://t.co/FzYOveos1H,16
316,0.2263,Tue Apr 10 16:25:07 +0000 2018,0.068,0.821,@nytimes,0.111,"In @NYTOpinion,

Op-Ed Contributor Lilly Ledbetter and namesake of the Lilly Ledbetter Fair Pay Act writes, ""I have… https://t.co/I5hOahpwzl",17
317,0.0,Tue Apr 10 16:10:06 +0000 2018,0.0,1.0,@nytimes,0.0,"Deputy Attorney General Rod Rosenstein signed off on the FBI raid of Trump’s lawyer's office, a move that has enrag… https://t.co/IKo68xis5V",18
318,0.34,Tue Apr 10 15:50:00 +0000 2018,0.0,0.882,@nytimes,0.118,Read the letter from the 2 Democratic senators who say they have obtained an EPA assessment about security spending… https://t.co/G2eF5E6PTA,19
319,-0.4767,Tue Apr 10 15:40:11 +0000 2018,0.204,0.796,@nytimes,0.0,Senator Sheldon Whitehouse claims to have a document disputing Scott Pruitt's need for costly travel and other secu… https://t.co/QSlamqZR7g,20
320,0.0,Tue Apr 10 15:30:09 +0000 2018,0.0,1.0,@nytimes,0.0,"RT @palafo: Three ballparks. Fourteen presidential administrations. Now at 99, Phil Coyne is retiring from his job as a Pittsburgh Pirates…",21
321,0.3612,Tue Apr 10 15:27:06 +0000 2018,0.0,0.878,@nytimes,0.122,Expect a long afternoon: 44 senators will participate in the hearing and have been promised 4 minutes each of quest… https://t.co/EsfubjRXLi,22
322,0.3818,Tue Apr 10 15:20:09 +0000 2018,0.0,0.89,@nytimes,0.11,Greeting Mark Zuckerberg on Tuesday in front of the U.S. Capitol are dozens of cardboard cutouts of his own image s… https://t.co/eBfB1LF0Eq,23
323,0.34,Tue Apr 10 15:10:08 +0000 2018,0.0,0.882,@nytimes,0.118,"Another exit from the White House: Thomas Bossert, the homeland security adviser, is leaving. It’s a sign John Bolt… https://t.co/tvcHeK5WMk",24
324,0.4215,Tue Apr 10 15:00:11 +0000 2018,0.0,0.781,@nytimes,0.219,"""You have to find the music that your horse likes"" https://t.co/FmrtJYsPpZ",25
325,-0.1419,Tue Apr 10 18:45:07 +0000 2018,0.069,0.931,@nytimes,0.0,"Bustling and built for governing, Bogotá may not be a tropical jewel or a trendy hot spot, but it is an essential p… https://t.co/o8yJgcurQK",26
326,-0.4019,Tue Apr 10 18:36:53 +0000 2018,0.163,0.837,@nytimes,0.0,"Zuckerberg is expected to tell Congress, “It was my mistake, and I’m sorry. I started Facebook, I run it and I’m re… https://t.co/opF4ezMQNj",27
327,-0.5106,Tue Apr 10 18:33:48 +0000 2018,0.148,0.852,@nytimes,0.0,"Watch live: Mark Zuckerberg, Facebook's chief, is about to testify to Congress on why his company failed to protect… https://t.co/tCFhrtGSXk",28
328,-0.5719,Tue Apr 10 18:30:08 +0000 2018,0.228,0.684,@nytimes,0.087,2 of the ways the U.S. could respond to fresh reports of a chemical weapons attack in Syria would have little effec… https://t.co/NI04BOdexx,29
329,0.0,Tue Apr 10 18:17:46 +0000 2018,0.0,1.0,@nytimes,0.0,RT @kevinroose: Someone came to the hearing dressed as a Russian troll. https://t.co/ZdPEK9MDne,30
330,0.4019,Tue Apr 10 18:16:12 +0000 2018,0.0,0.895,@nytimes,0.105,Mark Zuckerberg will be clad in a suit and tie at his hearing. He will also have a booster seat to help give his te… https://t.co/6o4AseMQ2h,31
331,-0.3818,Tue Apr 10 18:10:07 +0000 2018,0.12,0.88,@nytimes,0.0,"""You may be asking yourself: What kind of sociopath complains about ice cream sundaes? I just know that when I see… https://t.co/Scp1lrmZ5j",32
332,0.0258,Tue Apr 10 17:55:05 +0000 2018,0.0,0.948,@nytimes,0.052,A Facebook page that claimed a connection to Black Lives Matter and had more than twice as many followers as the mo… https://t.co/vswTey0l1v,33
333,0.0,Tue Apr 10 17:40:06 +0000 2018,0.0,1.0,@nytimes,0.0,Most of the White House staff in this swearing-in photo has left the Trump administration https://t.co/MvygghIpO7,34
334,0.0,Tue Apr 10 17:27:14 +0000 2018,0.0,1.0,@nytimes,0.0,"Also this morning, some people woke up to a Facebook notification that their private messages might have been harve… https://t.co/W1d21jJWXP",35
335,-0.5423,Tue Apr 10 17:25:04 +0000 2018,0.171,0.829,@nytimes,0.0,"In bad timing for Mark Zuckerberg, Senator Chris Coons, a Democratic member of the Judiciary Committee, today found… https://t.co/irY9Uf2oAS",36
336,-0.3182,Tue Apr 10 17:10:07 +0000 2018,0.169,0.725,@nytimes,0.106,How professional sports teams make money off cheerleaders by sending them into settings where they're harassed https://t.co/A6MS4SEW44,37
337,0.0,Tue Apr 10 16:55:04 +0000 2018,0.0,1.0,@nytimes,0.0,It’s a one-pan wonder and can be made on the fly https://t.co/NfCbu8IGdn https://t.co/MZioBSqGML,38
338,-0.128,Tue Apr 10 16:42:59 +0000 2018,0.169,0.683,@nytimes,0.149,"On Tuesday, Facebook announced it would begin offering a “data abuse bounty” program to reward people who report in… https://t.co/uYGZYFQfqT",39
339,0.0,Tue Apr 10 16:40:09 +0000 2018,0.0,1.0,@nytimes,0.0,"They are some of the first known Facebook users targeted by Cambridge Analytica to be publicly identified, and they… https://t.co/4y614GyHB8",40
340,0.0,Tue Apr 10 16:27:20 +0000 2018,0.0,1.0,@nytimes,0.0,Breaking News: FBI agents who raided the office of President Trump’s lawyer sought records of payments to 2 women w… https://t.co/FzYOveos1H,41
341,0.2263,Tue Apr 10 16:25:07 +0000 2018,0.068,0.821,@nytimes,0.111,"In @NYTOpinion,

Op-Ed Contributor Lilly Ledbetter and namesake of the Lilly Ledbetter Fair Pay Act writes, ""I have… https://t.co/I5hOahpwzl",42
342,0.0,Tue Apr 10 16:10:06 +0000 2018,0.0,1.0,@nytimes,0.0,"Deputy Attorney General Rod Rosenstein signed off on the FBI raid of Trump’s lawyer's office, a move that has enrag… https://t.co/IKo68xis5V",43
343,0.34,Tue Apr 10 15:50:00 +0000 2018,0.0,0.882,@nytimes,0.118,Read the letter from the 2 Democratic senators who say they have obtained an EPA assessment about security spending… https://t.co/G2eF5E6PTA,44
344,-0.4767,Tue Apr 10 15:40:11 +0000 2018,0.204,0.796,@nytimes,0.0,Senator Sheldon Whitehouse claims to have a document disputing Scott Pruitt's need for costly travel and other secu… https://t.co/QSlamqZR7g,45
345,0.0,Tue Apr 10 15:30:09 +0000 2018,0.0,1.0,@nytimes,0.0,"RT @palafo: Three ballparks. Fourteen presidential administrations. Now at 99, Phil Coyne is retiring from his job as a Pittsburgh Pirates…",46
346,0.3612,Tue Apr 10 15:27:06 +0000 2018,0.0,0.878,@nytimes,0.122,Expect a long afternoon: 44 senators will participate in the hearing and have been promised 4 minutes each of quest… https://t.co/EsfubjRXLi,47
347,0.3818,Tue Apr 10 15:20:09 +0000 2018,0.0,0.89,@nytimes,0.11,Greeting Mark Zuckerberg on Tuesday in front of the U.S. Capitol are dozens of cardboard cutouts of his own image s… https://t.co/eBfB1LF0Eq,48
348,0.34,Tue Apr 10 15:10:08 +0000 2018,0.0,0.882,@nytimes,0.118,"Another exit from the White House: Thomas Bossert, the homeland security adviser, is leaving. It’s a sign John Bolt… https://t.co/tvcHeK5WMk",49
349,0.4215,Tue Apr 10 15:00:11 +0000 2018,0.0,0.781,@nytimes,0.219,"""You have to find the music that your horse likes"" https://t.co/FmrtJYsPpZ",50
350,-0.6486,Tue Apr 10 14:50:08 +0000 2018,0.193,0.807,@nytimes,0.0,"Is the Brooklyn-Queens streetcar dead? At the very least it’s languishing, 2 years after the mayor presented it as… https://t.co/oEwBXc1l1w",51
351,-0.5267,Tue Apr 10 14:40:13 +0000 2018,0.152,0.848,@nytimes,0.0,"Last week, after frustrated activists from Myanmar sent an open letter to Mark Zuckerberg, the chief executive of F… https://t.co/dCsumnFFZJ",52
352,0.2023,Tue Apr 10 14:30:17 +0000 2018,0.0,0.87,@nytimes,0.13,"To hear climate denialists tell it, polar bears are doing just fine https://t.co/vuT4LUDVbV",53
353,0.0,Tue Apr 10 14:15:06 +0000 2018,0.0,1.0,@nytimes,0.0,The 2 Reuters journalists were investigating a massacre of 10 Muslim Rohingya men https://t.co/ndwqQfno1H,54
354,0.0,Tue Apr 10 14:00:04 +0000 2018,0.0,1.0,@nytimes,0.0,Robert Mueller is investigating a payment made to President Trump's foundation by a Ukrainian steel magnate for a t… https://t.co/Ik8xqvkVTG,55
355,-0.296,Tue Apr 10 13:45:09 +0000 2018,0.115,0.885,@nytimes,0.0,"In Opinion

Op-Ed contributor Mark Penn writes that Facebook and other major internet platforms should stop pretend… https://t.co/q6bhBDPcYZ",56
356,0.0,Tue Apr 10 13:31:02 +0000 2018,0.0,1.0,@nytimes,0.0,Breaking: President Trump will skip his planned trip to Latin America this week to oversee the American response to… https://t.co/nJo2PjDKLt,57
357,0.4939,Tue Apr 10 13:30:18 +0000 2018,0.0,0.756,@nytimes,0.244,"“Perhaps if you truly want to understand a drawing, you have to just eat it.”
https://t.co/1n5OgCsnMz",58
358,-0.6705,Tue Apr 10 13:21:49 +0000 2018,0.209,0.791,@nytimes,0.0,"At least 5 people were killed when a single-engine plane crashed onto a golf course in Scottsdale, Arizona on Monda… https://t.co/YghkhyTBxu",59
359,0.0,Tue Apr 10 13:00:16 +0000 2018,0.0,1.0,@nytimes,0.0,Morning Briefing: Here's what you need to know to start your day https://t.co/Ap1ttJrPe6 https://t.co/FFFryxmbxc,60
360,0.5267,Tue Apr 10 13:00:15 +0000 2018,0.045,0.821,@nytimes,0.134,"“If someone got too handsy, we could just turn around and leave. But we still had to be gracious and say, ‘Thank yo… https://t.co/Vi1EG5mL0Y",61
361,0.6697,Tue Apr 10 12:45:08 +0000 2018,0.0,0.824,@nytimes,0.176,"We speak to our little dogs much more lovingly than we do to our little boys, a clinical psychologist writes. How c… https://t.co/SCheTFOl3K",62
362,0.1027,Tue Apr 10 12:31:00 +0000 2018,0.0,0.928,@nytimes,0.072,"Volkswagen is considering replacing its chief executive, who took over after the company admitted in 2015 to cheati… https://t.co/yXPd1npFgT",63
363,0.0772,Tue Apr 10 12:30:10 +0000 2018,0.0,0.929,@nytimes,0.071,"Want a pet python? Consider that many reptiles and amphibians — perhaps most, depending on the species — were illeg… https://t.co/VspTJVObmm",64
364,0.0,Tue Apr 10 12:15:02 +0000 2018,0.0,1.0,@nytimes,0.0,Here are five things to watch as Mark Zuckerberg makes his much-anticipated appearance before members of Congress t… https://t.co/BhetrPzttu,65
365,0.4939,Tue Apr 10 12:00:14 +0000 2018,0.0,0.792,@nytimes,0.208,"Your daily @DealBook briefing: 

• In his prepared testimony, Mark Zuckerberg apologized for not doing more to stop… https://t.co/x8lDqTblR5",66
366,-0.7184,Tue Apr 10 11:44:55 +0000 2018,0.25,0.75,@nytimes,0.0,"Through memes and apparel, white supremacists have found new ways to drum up racist sentiment, harking back to colo… https://t.co/d6lj7VYhyY",67
367,-0.0772,Tue Apr 10 11:33:46 +0000 2018,0.145,0.725,@nytimes,0.13,"Her uncle has become active in alt-right causes, posting offensive material about minorities, immigrants and women… https://t.co/tI2m0bx0pR",68
368,0.6597,Tue Apr 10 11:15:06 +0000 2018,0.0,0.748,@nytimes,0.252,Stephen Colbert and other late-night hosts focused on a news story that united two topics: the Russia investigation… https://t.co/43P4KWejzI,69
369,0.0,Tue Apr 10 11:00:16 +0000 2018,0.0,1.0,@nytimes,0.0,"The F.B.I. raided the home of President Trump’s personal lawyer, Michael D. Cohen. What are investigators looking f… https://t.co/6eBGpWhk4t",70
370,0.7184,Tue Apr 10 11:00:15 +0000 2018,0.0,0.739,@nytimes,0.261,"Supporters of the streetcar, an ambitious project known as the Brooklyn Queens Connector that would run from Astori… https://t.co/mZlz2ANbu6",71
371,0.3182,Tue Apr 10 11:00:06 +0000 2018,0.0,0.887,@nytimes,0.113,President Trump said Syria’s patrons in Russia and Iran may also be responsible for enabling last weekend’s chemica… https://t.co/aOnIrpkV99,72
372,0.4215,Tue Apr 10 10:30:11 +0000 2018,0.0,0.859,@nytimes,0.141,President Trump called the F.B.I. raid a “disgraceful situation” and an “attack on our country in a true sense” https://t.co/Iql98fyfw7,73
373,0.0,Tue Apr 10 10:21:05 +0000 2018,0.0,1.0,@nytimes,0.0,"Read the transcript of President Trump's remarks about the F.B.I. raid on his lawyer's office, Syria and more https://t.co/FfypkAWfkz",74
374,0.0,Tue Apr 10 10:00:10 +0000 2018,0.0,1.0,@nytimes,0.0,Morning Briefing: Here's what you need to know to start your day https://t.co/BUTfuzACSR https://t.co/oZMsRt4RdI,75
375,0.0,Tue Apr 10 09:43:17 +0000 2018,0.0,1.0,@nytimes,0.0,"Broccoli salads are a dime a dozen, but this one is a game-changing celebration of flavors, colors and textures https://t.co/pHT90h9yT9",76
376,-0.1531,Tue Apr 10 09:24:51 +0000 2018,0.195,0.682,@nytimes,0.123,"A smart city comes with risks: “Once you’ve given a developer license to deploy total surveillance, with no public… https://t.co/mAtIKLcL2x",77
377,0.0,Tue Apr 10 09:06:59 +0000 2018,0.0,1.0,@nytimes,0.0,RT @nytopinion: The Sinclair Broadcast Group does not practice the news principles that they preach. https://t.co/e2ZQ8AtfIX,78
378,-0.3182,Tue Apr 10 08:50:05 +0000 2018,0.119,0.881,@nytimes,0.0,"The Australian agriculture minister said he was ""shocked and gutted"" after footage showed thousands of sheep dying… https://t.co/JogoHlHqJo",79
379,0.0,Tue Apr 10 08:49:33 +0000 2018,0.0,1.0,@nytimes,0.0,"Yulia Skripal has been released from a hospital in England five weeks after she and her father, a former Russian sp… https://t.co/IqR84TuqgI",80
380,0.3612,Tue Apr 10 08:45:06 +0000 2018,0.138,0.615,@nytimes,0.246,"RT @nytimesworld: Millions of people in China are sharing the story of Gao Yan, a student who committed suicide in 1998 after friends say s…",81
381,-0.1027,Tue Apr 10 08:32:42 +0000 2018,0.106,0.803,@nytimes,0.091,"RT @kimseverson: I spoke with Eddie Hernandez about his new cookbook. “In Mexico,"" he said, ""we eat what we like and don’t worry about what…",82
382,0.3612,Tue Apr 10 08:15:10 +0000 2018,0.0,0.878,@nytimes,0.122,“Something that started decades ago and was applauded and inoffensive is now politically incorrect. What can you do… https://t.co/2EDwm5KchB,83
383,0.3818,Tue Apr 10 08:15:05 +0000 2018,0.0,0.86,@nytimes,0.14,Adelaide is rebranding itself as an innovation center for Australia — and the world. Will it work? https://t.co/AcjeJhX98i,84
384,-0.4215,Tue Apr 10 08:02:02 +0000 2018,0.135,0.865,@nytimes,0.0,"President Trump reacted angrily to the FBI’s raid on his personal lawyer’s office, calling it “disgraceful” and an… https://t.co/mafGzkCVMR",85
385,-0.6597,Tue Apr 10 08:00:07 +0000 2018,0.206,0.794,@nytimes,0.0,"A speeding school bus plunged off a mountainside in northern India, killing 23 children and four adults, an officia… https://t.co/xzcDDbUFf2",86
386,0.4215,Tue Apr 10 07:47:05 +0000 2018,0.0,0.865,@nytimes,0.135,"A Ukrainian magnate paid Donald Trump’s charity $150,000 in 2015 after Trump gave a video talk. Robert Mueller is s… https://t.co/6BDpCRy6XY",87
387,0.0,Tue Apr 10 07:32:03 +0000 2018,0.0,1.0,@nytimes,0.0,It's simple but loaded with flavor https://t.co/dca71006cZ,88
388,-0.7845,Tue Apr 10 07:17:05 +0000 2018,0.266,0.734,@nytimes,0.0,"RT @nytimesworld: “Marie Colvin was a dog and now she’s dead,” a Syrian officer said after government fire killed the journalist, new court…",89
389,0.0,Tue Apr 10 07:02:03 +0000 2018,0.0,1.0,@nytimes,0.0,A group of investors has offered FIFA $25 billion for the Club World Cup and a new national-team league https://t.co/8rb06kX4dp,90
390,0.7096,Tue Apr 10 06:53:54 +0000 2018,0.0,0.604,@nytimes,0.396,How to Save Money with the Help of Your Community https://t.co/UySrWSwScY,91
391,0.5719,Tue Apr 10 06:47:28 +0000 2018,0.0,0.829,@nytimes,0.171,"“It’s only 27 words long, but it is probably the most cryptic part of the United States Constitution” https://t.co/czgiFgcluq",92
392,0.0258,Tue Apr 10 06:30:16 +0000 2018,0.0,0.939,@nytimes,0.061,Many people taking antidepressants are saying they cannot quit because of withdrawal symptoms they were never warne… https://t.co/LBTPkmohFL,93
393,0.0,Tue Apr 10 06:12:49 +0000 2018,0.0,1.0,@nytimes,0.0,"He ate the world’s hottest pepper, then landed in the hospital with ""thunderclap"" headaches
https://t.co/KsYRC22KOj",94
394,0.0,Tue Apr 10 05:55:31 +0000 2018,0.0,1.0,@nytimes,0.0,The crystals that may have helped Vikings navigate northern seas https://t.co/XjppUh69ik,95
395,0.2621,Tue Apr 10 05:38:23 +0000 2018,0.0,0.886,@nytimes,0.114,"Cynthia Nixon: ""We built the Erie Canal! We can’t fix the subway? Are you kidding me?"" https://t.co/AOwPnYxlhw",96
396,0.0,Tue Apr 10 05:21:04 +0000 2018,0.0,1.0,@nytimes,0.0,"RT @nytopinion: If Texas can be turned blue, Beto O’Rourke may be just the colorist to do it https://t.co/jMAosmXsQ2",97
397,-0.6808,Tue Apr 10 05:04:10 +0000 2018,0.384,0.616,@nytimes,0.0,James Toback Won’t Face Sex Crime Charges in Los Angeles https://t.co/pJs7hfSGg2,98
398,0.0,Tue Apr 10 05:02:04 +0000 2018,0.0,1.0,@nytimes,0.0,"Volunteers are needed for recovery efforts in the Caribbean. Resorts, cruise lines and other organizations are offe… https://t.co/0EmIGs5Nct",99
399,-0.6908,Tue Apr 10 04:43:00 +0000 2018,0.231,0.769,@nytimes,0.0,"RT @nytimesarts: Bill Cosby paid Andrea Constand $3.38 million to settle a 2005 sexual assault lawsuit, prosecutors said at the opening of…",100
400,0.4215,Tue Apr 10 18:45:15 +0000 2018,0.0,0.851,@FoxNews,0.149,.@SenFeinstein to Mark Zuckerberg: “You have a real opportunity this afternoon to lead the industry and demonstrate… https://t.co/2ETQv4jfo9,1
401,0.34,Tue Apr 10 18:39:01 +0000 2018,0.0,0.805,@FoxNews,0.195,".@SenJohnThune: “Today’s hearing is extraordinary…In many respects, Facebook’s incredible reach is why we’re here t… https://t.co/SXchuXamIp",2
402,0.0,Tue Apr 10 18:31:43 +0000 2018,0.0,1.0,@FoxNews,0.0,Feds request documents from Trump Organization related to Michael Cohen's payment to Stormy Daniels - via… https://t.co/nKtJciJBCd,3
403,0.0,Tue Apr 10 18:31:22 +0000 2018,0.0,1.0,@FoxNews,0.0,Facebook's Mark Zuckerberg testifies before Senate committees https://t.co/Il5feaxDRW https://t.co/UKEQTxL4tl,4
404,0.0,Tue Apr 10 18:30:26 +0000 2018,0.0,1.0,@FoxNews,0.0,".@Facebook CEO Mark Zuckerberg testifies before Congress. 

Live blog: https://t.co/Il5feaxDRW https://t.co/OqG4FdSUeZ",5
405,-0.34,Tue Apr 10 18:26:30 +0000 2018,0.167,0.833,@FoxNews,0.0,Los Angeles painting city streets white in bid to combat climate change https://t.co/wnrEqTzmCW,6
406,0.0,Tue Apr 10 18:16:27 +0000 2018,0.0,1.0,@FoxNews,0.0,LIVE BLOG: Facebook's Mark Zuckerberg testifies before Senate committees https://t.co/Il5feaxDRW,7
407,0.0,Tue Apr 10 18:01:22 +0000 2018,0.0,1.0,@FoxNews,0.0,Awaiting: @WhiteHouse briefing and Mark Zuckerberg hearing https://t.co/hsmssS2hbP,8
408,-0.8658,Tue Apr 10 17:45:00 +0000 2018,0.409,0.591,@FoxNews,0.0,"T.J. Miller arrested at NYC airport after making false bomb threat on Amtrak train, officials say https://t.co/YuMd5KbZLG",9
409,0.2023,Tue Apr 10 17:34:51 +0000 2018,0.127,0.696,@FoxNews,0.177,Puppy in Texas Rescued After Getting Head Stuck in Car Wheel https://t.co/rJwe7uUEpy https://t.co/Dtayq6fKz3,10
410,0.4019,Tue Apr 10 17:34:04 +0000 2018,0.141,0.604,@FoxNews,0.255,"Tennessee woman says 'it's a miracle' her wallet, purse blocked bullets https://t.co/TW61TsvxIR",11
411,-0.5574,Tue Apr 10 17:14:02 +0000 2018,0.217,0.783,@FoxNews,0.0,TN Communities Hold Vigils for Illegal Immigrants Nabbed by ICE at Meatpacking Plant https://t.co/GJ3Ix2IQNB,12
412,0.0,Tue Apr 10 17:06:37 +0000 2018,0.0,1.0,@FoxNews,0.0,Obamas won't be attending Meghan Markle and Prince Harry's wedding https://t.co/7bTlBnFsCa,13
413,0.6486,Tue Apr 10 16:50:47 +0000 2018,0.14,0.468,@FoxNews,0.392,Starbucks baristas celebrate engagement with coffee-filled photo shoot (via @JaninePuhak) https://t.co/tWt3f52imV,14
414,0.4767,Tue Apr 10 16:38:44 +0000 2018,0.0,0.659,@FoxNews,0.341,.@FLOTUS comforts child who spilled water https://t.co/BERxpZCGXY,15
415,0.6249,Tue Apr 10 16:33:47 +0000 2018,0.0,0.745,@FoxNews,0.255,Sen. @RandPaul: FBI Raid on Trump's Attorney Was 'Great Overstep' by Mueller https://t.co/TVaz6Q6N9r,16
416,-0.5106,Tue Apr 10 16:24:59 +0000 2018,0.309,0.537,@FoxNews,0.154,.@POTUS: “We’re making sure that terrorism funding is stopped.” https://t.co/781KLXUBgk,17
417,0.4939,Tue Apr 10 15:47:54 +0000 2018,0.0,0.789,@FoxNews,0.211,"Amber Heard donates $7M Johnny Depp divorce settlement to children's hospital, charities https://t.co/JJXSWTKBgc",18
418,0.0,Tue Apr 10 15:39:38 +0000 2018,0.0,1.0,@FoxNews,0.0,Former #Trump administration officials: A list of notable departures https://t.co/0YfN6m9FGX,19
419,0.3818,Tue Apr 10 15:38:34 +0000 2018,0.0,0.843,@FoxNews,0.157,.@SenJohnKennedy: “It seems to me that Facebook has an obligation to protect people’s data.” https://t.co/G4uvFBgNSQ,20
420,-0.1027,Tue Apr 10 15:37:19 +0000 2018,0.149,0.851,@FoxNews,0.0,Would you pay $20 million for a license plate? https://t.co/jcn7gsDwtd,21
421,0.4588,Tue Apr 10 15:25:50 +0000 2018,0.0,0.765,@FoxNews,0.235,.@SenJohnKennedy: “I don’t want to have to regulate Facebook. Clearly though we have a problem.” https://t.co/Tk5PHNmg8n,22
422,-0.6486,Tue Apr 10 15:15:00 +0000 2018,0.301,0.699,@FoxNews,0.0,6 dead when Arizona plane crashes shortly after takeoff (via @travfed)  https://t.co/ARuWr8WJ2V,23
423,0.34,Tue Apr 10 15:10:17 +0000 2018,0.0,0.806,@FoxNews,0.194,Awaiting U.N. Security Council Vote on Syria; @EricShawnTV reports https://t.co/ZyUcHIjt9z https://t.co/BIHnjDOI1D,24
424,-0.296,Tue Apr 10 15:05:00 +0000 2018,0.3,0.471,@FoxNews,0.229,Popular Black Lives Matter Facebook page exposed as fraud https://t.co/5LEm09NrrM (via @christocarbone),25
425,0.4215,Tue Apr 10 18:45:15 +0000 2018,0.0,0.851,@FoxNews,0.149,.@SenFeinstein to Mark Zuckerberg: “You have a real opportunity this afternoon to lead the industry and demonstrate… https://t.co/2ETQv4jfo9,26
426,0.34,Tue Apr 10 18:39:01 +0000 2018,0.0,0.805,@FoxNews,0.195,".@SenJohnThune: “Today’s hearing is extraordinary…In many respects, Facebook’s incredible reach is why we’re here t… https://t.co/SXchuXamIp",27
427,0.0,Tue Apr 10 18:31:43 +0000 2018,0.0,1.0,@FoxNews,0.0,Feds request documents from Trump Organization related to Michael Cohen's payment to Stormy Daniels - via… https://t.co/nKtJciJBCd,28
428,0.0,Tue Apr 10 18:31:22 +0000 2018,0.0,1.0,@FoxNews,0.0,Facebook's Mark Zuckerberg testifies before Senate committees https://t.co/Il5feaxDRW https://t.co/UKEQTxL4tl,29
429,0.0,Tue Apr 10 18:30:26 +0000 2018,0.0,1.0,@FoxNews,0.0,".@Facebook CEO Mark Zuckerberg testifies before Congress. 

Live blog: https://t.co/Il5feaxDRW https://t.co/OqG4FdSUeZ",30
430,-0.34,Tue Apr 10 18:26:30 +0000 2018,0.167,0.833,@FoxNews,0.0,Los Angeles painting city streets white in bid to combat climate change https://t.co/wnrEqTzmCW,31
431,0.0,Tue Apr 10 18:16:27 +0000 2018,0.0,1.0,@FoxNews,0.0,LIVE BLOG: Facebook's Mark Zuckerberg testifies before Senate committees https://t.co/Il5feaxDRW,32
432,0.0,Tue Apr 10 18:01:22 +0000 2018,0.0,1.0,@FoxNews,0.0,Awaiting: @WhiteHouse briefing and Mark Zuckerberg hearing https://t.co/hsmssS2hbP,33
433,-0.8658,Tue Apr 10 17:45:00 +0000 2018,0.409,0.591,@FoxNews,0.0,"T.J. Miller arrested at NYC airport after making false bomb threat on Amtrak train, officials say https://t.co/YuMd5KbZLG",34
434,0.2023,Tue Apr 10 17:34:51 +0000 2018,0.127,0.696,@FoxNews,0.177,Puppy in Texas Rescued After Getting Head Stuck in Car Wheel https://t.co/rJwe7uUEpy https://t.co/Dtayq6fKz3,35
435,0.4019,Tue Apr 10 17:34:04 +0000 2018,0.141,0.604,@FoxNews,0.255,"Tennessee woman says 'it's a miracle' her wallet, purse blocked bullets https://t.co/TW61TsvxIR",36
436,-0.5574,Tue Apr 10 17:14:02 +0000 2018,0.217,0.783,@FoxNews,0.0,TN Communities Hold Vigils for Illegal Immigrants Nabbed by ICE at Meatpacking Plant https://t.co/GJ3Ix2IQNB,37
437,0.0,Tue Apr 10 17:06:37 +0000 2018,0.0,1.0,@FoxNews,0.0,Obamas won't be attending Meghan Markle and Prince Harry's wedding https://t.co/7bTlBnFsCa,38
438,0.6486,Tue Apr 10 16:50:47 +0000 2018,0.14,0.468,@FoxNews,0.392,Starbucks baristas celebrate engagement with coffee-filled photo shoot (via @JaninePuhak) https://t.co/tWt3f52imV,39
439,0.4767,Tue Apr 10 16:38:44 +0000 2018,0.0,0.659,@FoxNews,0.341,.@FLOTUS comforts child who spilled water https://t.co/BERxpZCGXY,40
440,0.6249,Tue Apr 10 16:33:47 +0000 2018,0.0,0.745,@FoxNews,0.255,Sen. @RandPaul: FBI Raid on Trump's Attorney Was 'Great Overstep' by Mueller https://t.co/TVaz6Q6N9r,41
441,-0.5106,Tue Apr 10 16:24:59 +0000 2018,0.309,0.537,@FoxNews,0.154,.@POTUS: “We’re making sure that terrorism funding is stopped.” https://t.co/781KLXUBgk,42
442,0.4939,Tue Apr 10 15:47:54 +0000 2018,0.0,0.789,@FoxNews,0.211,"Amber Heard donates $7M Johnny Depp divorce settlement to children's hospital, charities https://t.co/JJXSWTKBgc",43
443,0.0,Tue Apr 10 15:39:38 +0000 2018,0.0,1.0,@FoxNews,0.0,Former #Trump administration officials: A list of notable departures https://t.co/0YfN6m9FGX,44
444,0.3818,Tue Apr 10 15:38:34 +0000 2018,0.0,0.843,@FoxNews,0.157,.@SenJohnKennedy: “It seems to me that Facebook has an obligation to protect people’s data.” https://t.co/G4uvFBgNSQ,45
445,-0.1027,Tue Apr 10 15:37:19 +0000 2018,0.149,0.851,@FoxNews,0.0,Would you pay $20 million for a license plate? https://t.co/jcn7gsDwtd,46
446,0.4588,Tue Apr 10 15:25:50 +0000 2018,0.0,0.765,@FoxNews,0.235,.@SenJohnKennedy: “I don’t want to have to regulate Facebook. Clearly though we have a problem.” https://t.co/Tk5PHNmg8n,47
447,-0.6486,Tue Apr 10 15:15:00 +0000 2018,0.301,0.699,@FoxNews,0.0,6 dead when Arizona plane crashes shortly after takeoff (via @travfed)  https://t.co/ARuWr8WJ2V,48
448,0.34,Tue Apr 10 15:10:17 +0000 2018,0.0,0.806,@FoxNews,0.194,Awaiting U.N. Security Council Vote on Syria; @EricShawnTV reports https://t.co/ZyUcHIjt9z https://t.co/BIHnjDOI1D,49
449,-0.296,Tue Apr 10 15:05:00 +0000 2018,0.3,0.471,@FoxNews,0.229,Popular Black Lives Matter Facebook page exposed as fraud https://t.co/5LEm09NrrM (via @christocarbone),50
450,0.0258,Tue Apr 10 15:02:48 +0000 2018,0.156,0.68,@FoxNews,0.163,"Homeland Security Adviser Tom Bossert resigns, White House says - via @brookefoxnews 
https://t.co/yZpJ4fnQca",51
451,-0.34,Tue Apr 10 14:54:56 +0000 2018,0.156,0.844,@FoxNews,0.0,Tennessee college senior defends posing for graduation picture with gun in her waistband https://t.co/c2J6kUR9Mt,52
452,0.0258,Tue Apr 10 14:51:57 +0000 2018,0.181,0.63,@FoxNews,0.189,"Homeland Security Adviser Tom Bossert resigns, White House says https://t.co/KfE9TCOPik",53
453,0.0,Tue Apr 10 14:50:55 +0000 2018,0.179,0.641,@FoxNews,0.179,Rare Titanic love letter up for auction offers insight into life on the doomed ocean liner https://t.co/1LpbaSGD7V,54
454,-0.6369,Tue Apr 10 14:42:00 +0000 2018,0.441,0.395,@FoxNews,0.164,Stocks surge as fears of trade war ease https://t.co/qACcop2qJo,55
455,0.0258,Tue Apr 10 14:39:24 +0000 2018,0.168,0.657,@FoxNews,0.175,"Homeland Security Adviser Tom Bossert resigns, White House says https://t.co/XT4zAgm28q https://t.co/A8CSrtqTAK",56
456,0.0258,Tue Apr 10 14:25:27 +0000 2018,0.146,0.701,@FoxNews,0.153,"BREAKING NEWS: Homeland Security Adviser Tom Bossert resigns, White House says https://t.co/XT4zAgm28q https://t.co/JI2TLsxz5z",57
457,0.0,Tue Apr 10 14:16:22 +0000 2018,0.0,1.0,@FoxNews,0.0,"Life-sized cutouts depicting Facebook CEO Mark Zuckerberg wearing ""Fix Fakebook"" T-shirts are displayed by an advoc… https://t.co/9qwPeQqGUl",58
458,0.128,Tue Apr 10 14:11:42 +0000 2018,0.0,0.909,@FoxNews,0.091,"Moments ago, President @realDonaldTrump tweeted about hosting America’s senior defense and military leaders for din… https://t.co/u4bNIAYrBW",59
459,-0.4019,Tue Apr 10 14:05:55 +0000 2018,0.197,0.803,@FoxNews,0.0,"Florida motorcyclist rammed, driven off road by mystery driver during dispute https://t.co/tVEdOMxE8q",60
460,0.0,Tue Apr 10 14:03:14 +0000 2018,0.0,1.0,@FoxNews,0.0,Trump's National Guard request for US-Mexico border draws response from surrounding states https://t.co/yY8vBnKM5X,61
461,0.0,Tue Apr 10 14:01:32 +0000 2018,0.0,1.0,@FoxNews,0.0,"RT @FoxBusiness: Kroger to hire 11,000 employees and invest $500 million in associate wages, training and development over the next three y…",62
462,0.6326,Tue Apr 10 14:00:10 +0000 2018,0.0,0.812,@FoxNews,0.188,.@RandPaul: “Scott Pruitt has really been the champion for deregulation and deregulation has been a big part in our… https://t.co/6y6odhIpvV,63
463,0.0,Tue Apr 10 13:56:50 +0000 2018,0.0,1.0,@FoxNews,0.0,.@RandPaul: “We never should have had Mueller in the first place because we’ve given too much power to a prosecutor… https://t.co/iDGMQofVo8,64
464,0.6597,Tue Apr 10 13:53:04 +0000 2018,0.0,0.735,@FoxNews,0.265,".@RandPaul: “Going after someone’s personal attorney is a great overstep, I think, in the authority of the prosecut… https://t.co/t11ydWzAf6",65
465,-0.2263,Tue Apr 10 13:44:26 +0000 2018,0.147,0.853,@FoxNews,0.0,.@POTUS cancels trip to South America to oversee 'response to Syria' https://t.co/C2mhUdTcms,66
466,0.0,Tue Apr 10 13:10:00 +0000 2018,0.0,1.0,@FoxNews,0.0,Girls leap for their lives from burning balcony after New Jersey building inferno breaks out https://t.co/LNUw1DR86L,67
467,0.0,Tue Apr 10 13:00:42 +0000 2018,0.0,1.0,@FoxNews,0.0,.@Judgenap: Cohen Could Be 'Squeezed' for Info on Alleged Trump-Russia Collusion https://t.co/4xzFnJGxac,68
468,-0.2263,Tue Apr 10 12:58:28 +0000 2018,0.101,0.899,@FoxNews,0.0,RT @FoxBusiness: NFL legend Joe Gibbs on anthem protests: ‘A lot of people sacrificed for that flag’ https://t.co/zqiWwnG5WT,69
469,0.0772,Tue Apr 10 12:50:37 +0000 2018,0.0,0.92,@FoxNews,0.08,"OPINION: Want jobs? Nebraska reforms have more people working, fewer on welfare and food stamps https://t.co/TvM5wFwAE3",70
470,0.34,Tue Apr 10 12:50:10 +0000 2018,0.0,0.876,@FoxNews,0.124,".@dougducey: “To secure the border… we’re going to need technology, we’re going to need that physical barrier.” https://t.co/pt1GM1xQZ4",71
471,0.4215,Tue Apr 10 12:43:53 +0000 2018,0.0,0.865,@FoxNews,0.135,.@dougducey on sending the @USNationalGuard to the border: “This is all about public safety. We’re talking about se… https://t.co/xa4fwUflSI,72
472,0.0,Tue Apr 10 12:42:17 +0000 2018,0.0,1.0,@FoxNews,0.0,.@ChuckGrassley: “[Cambridge Analytica] tapped into Facebook and got this information probably a year before there… https://t.co/tiIRwPaUtD,73
473,0.4509,Tue Apr 10 12:22:10 +0000 2018,0.118,0.661,@FoxNews,0.221,Jonathan Turley: “The president has to be very careful. The greatest danger that he faces is not Michael Cohen as d… https://t.co/Qx2Fe3VucN,74
474,-0.296,Tue Apr 10 12:13:32 +0000 2018,0.18,0.82,@FoxNews,0.0,China files trade complaint against US over steel tariffs https://t.co/xjM8jl3tmY https://t.co/kgAskc4Wxn,75
475,0.0,Tue Apr 10 12:12:44 +0000 2018,0.0,1.0,@FoxNews,0.0,Crews Start New Border Wall in New Mexico https://t.co/B2Fx5ZpG49,76
476,0.3412,Tue Apr 10 12:08:26 +0000 2018,0.0,0.806,@FoxNews,0.194,OPINION: Cal Thomas: Six reasons Trump should not abandon Syria https://t.co/sXbegr94x4,77
477,-0.296,Tue Apr 10 11:57:41 +0000 2018,0.104,0.896,@FoxNews,0.0,.@FLGovScott: “This concept of career politicians makes no sense in this country… Why don’t we have term limits for… https://t.co/tQk83lMmUx,78
478,0.0,Tue Apr 10 11:42:07 +0000 2018,0.0,1.0,@FoxNews,0.0,".@RepMarkMeadows: “Enough is enough, let’s get the documents… and if this attorney general and deputy attorney gene… https://t.co/uxX5DrR2Hc",79
479,0.4767,Tue Apr 10 11:29:35 +0000 2018,0.0,0.659,@FoxNews,0.341,.@FLOTUS comforts child who spilled water https://t.co/A2ugWnRDTk,80
480,0.128,Tue Apr 10 11:00:04 +0000 2018,0.0,0.88,@FoxNews,0.12,"Exclusive look inside military operations at the southern border, @GriffJenkins reports https://t.co/PdDg08wJGw",81
481,-0.5859,Tue Apr 10 10:41:17 +0000 2018,0.324,0.676,@FoxNews,0.0,A drunk tourist accidentally climbed a mountain while trying to find his hotel https://t.co/Q8C7QttQ6f,82
482,-0.3612,Tue Apr 10 10:40:32 +0000 2018,0.296,0.566,@FoxNews,0.138,The Latest: Syrian troops on alert amid fear of US strike https://t.co/leU6xKZUi5,83
483,0.4019,Tue Apr 10 10:37:10 +0000 2018,0.0,0.856,@FoxNews,0.144,"Former DEA special agent Javier Pena on opioids: ""We need to get ahead of this problem."" https://t.co/KuHYgYqqiS",84
484,-0.0258,Tue Apr 10 10:32:28 +0000 2018,0.068,0.932,@FoxNews,0.0,JetBlue flight attendant who ditched 60 pounds of cocaine at airport sentenced to time served https://t.co/hlvtDJLr9A,85
485,-0.5812,Tue Apr 10 10:26:15 +0000 2018,0.254,0.746,@FoxNews,0.0,".@SebGorka on chemical attack in Syria: ""We cannot allow this taboo to be persistently broken.""… https://t.co/u2wCBIFKDl",86
486,-0.3818,Tue Apr 10 10:21:33 +0000 2018,0.206,0.794,@FoxNews,0.0,OPINION: Has the California backlash against liberal craziness finally begun? https://t.co/qfrnE8DGds,87
487,0.0,Tue Apr 10 10:19:15 +0000 2018,0.0,1.0,@FoxNews,0.0,"Car slams into Texas home, triggering gas explosion and injuring 5 people https://t.co/AfkA6U6zNh",88
488,0.0,Tue Apr 10 10:17:22 +0000 2018,0.147,0.705,@FoxNews,0.147,National Park Service abandons plan to increase entrance fees after public backlash https://t.co/UO3gHNelHk,89
489,-0.7906,Tue Apr 10 10:06:39 +0000 2018,0.412,0.588,@FoxNews,0.0,"Syrian government forces  preparing for possible US attack, war monitors say https://t.co/oo4a5z2AMR",90
490,-0.0258,Tue Apr 10 10:01:20 +0000 2018,0.091,0.909,@FoxNews,0.0,"2 men sentenced to probation for gang-rape of 13-year-old girl, triggering backlash https://t.co/OuGpYO36lK",91
491,0.5267,Tue Apr 10 09:58:48 +0000 2018,0.076,0.696,@FoxNews,0.228,Don Knotts' daughter said she had to leave his deathbed to laugh https://t.co/03x8fwXlNk,92
492,0.0,Tue Apr 10 09:52:57 +0000 2018,0.0,1.0,@FoxNews,0.0,".@FLGovScott announces Senate campaign, says Washington is ‘broken’ https://t.co/uN0vMZbxbg https://t.co/56FqmheIMf",93
493,0.0,Tue Apr 10 09:42:25 +0000 2018,0.0,1.0,@FoxNews,0.0,Authorities release Austin bombing investigation documents https://t.co/jd9x5mU7vM https://t.co/GzkMoNZpqP,94
494,0.128,Tue Apr 10 09:38:46 +0000 2018,0.0,0.88,@FoxNews,0.12,"Exclusive look inside military operations at the southern border, @GriffJenkins reports https://t.co/VVl2YlYItf",95
495,0.0,Tue Apr 10 09:32:12 +0000 2018,0.0,1.0,@FoxNews,0.0,".@TomFitton: ""I don't understand how a decision to raid the office and home of the lawyer of the president of the U… https://t.co/Ppa2OLXYxH",96
496,0.0,Tue Apr 10 09:26:36 +0000 2018,0.0,1.0,@FoxNews,0.0,California withholding assistance as @NationalGuard troops begin arriving at US-Mexico border https://t.co/md0Sx8aL4g,97
497,-0.4767,Tue Apr 10 09:25:44 +0000 2018,0.193,0.807,@FoxNews,0.0,Ground broken on high-priority stretch of #Trump's border wall in New Mexico https://t.co/83ceiVTskW https://t.co/OAB3J8ChHB,98
498,0.0,Tue Apr 10 09:21:29 +0000 2018,0.0,1.0,@FoxNews,0.0,"President #Trump slams @FBI,  calls federal raid on the office of his personal attorney, Michael Cohen, an ""attack… https://t.co/lobaLSs37w",99
499,0.4215,Tue Apr 10 09:14:52 +0000 2018,0.0,0.833,@FoxNews,0.167,"""This should've been done by other presidents.""

President @realDonaldTrump hopes for a diplomatic breakthrough wit… https://t.co/yjprrKkO2A",100
